id,make,model,currency,price,millage,year,promoted,sold,created_on,,
11680451676944566,Audi,A6,BGN,33888,210000,2013,true,true,//www.mobile.bg/pcgi/mobile.cgi?act=4&adv=11680451676944566&slink=s4maga,2023-04-24,DEALER
11680451676944566,Audi,A6,BGN,33888,210000,2013,true,true,//www.mobile.bg/pcgi/mobile.cgi?act=4&adv=11680451676944566&slink=s4maga,2023-04-24,DEALER
11681230344766297,Audi,A7,BGN,61699,245000,2015,true,true,//www.mobile.bg/pcgi/mobile.cgi?act=4&adv=11681230344766297&slink=s4maga,2023-04-24,DEALER
21676994866004899,Audi,Q7,BGN,18999,235000,2008,true,true,//www.mobile.bg/pcgi/mobile.cgi?act=4&adv=21676994866004899&slink=s4maga,2023-04-24,DEALER
11681147061388492,BMW,330,BGN,44990,188245,2012,true,true,//www.mobile.bg/pcgi/mobile.cgi?act=4&adv=11681147061388492&slink=s4maga,2023-04-24,DEALER
11680192726122953,BMW,530,BGN,55000,0,0,true,true,//www.mobile.bg/pcgi/mobile.cgi?act=4&adv=11680192726122953&slink=s4maga,2023-04-24,DEALER
11681883957659597,BMW,730,BGN,34700,245000,2011,true,true,//www.mobile.bg/pcgi/mobile.cgi?act=4&adv=11681883957659597&slink=s4maga,2023-04-24,DEALER
21654952091577370,BMW,X3,BGN,8900,45,2005,true,true,//www.mobile.bg/pcgi/mobile.cgi?act=4&adv=21654952091577370&slink=s4maga,2023-04-24,DEALER
21682226518234846,BMW,X5,BGN,10999,235000,2005,true,true,//www.mobile.bg/pcgi/mobile.cgi?act=4&adv=21682226518234846&slink=s4maga,2023-04-24,DEALER
21680946292614924,BMW,X5,BGN,28900,178000,2011,true,true,//www.mobile.bg/pcgi/mobile.cgi?act=4&adv=21680946292614924&slink=s4maga,2023-04-24,DEALER
21682000665666284,Dacia,Duster,BGN,15000,99139,2015,true,true,//www.mobile.bg/pcgi/mobile.cgi?act=4&adv=21682000665666284&slink=s4maga,2023-04-24,DEALER
21680687288517523,Honda,Cr-v,BGN,45990,57800,2016,true,true,//www.mobile.bg/pcgi/mobile.cgi?act=4&adv=21680687288517523&slink=s4maga,2023-04-24,DEALER
11681972803117290,Mercedes-Benz,C,BGN,36660,193462,2016,true,true,//www.mobile.bg/pcgi/mobile.cgi?act=4&adv=11681972803117290&slink=s4maga,2023-04-24,DEALER
11681931096831489,Mercedes-Benz,CLS,BGN,0,289000,2009,true,true,//www.mobile.bg/pcgi/mobile.cgi?act=4&adv=11681931096831489&slink=s4maga,2023-04-24,DEALER
21679951691539809,Mercedes-Benz,ML,BGN,44440,190520,2013,true,true,//www.mobile.bg/pcgi/mobile.cgi?act=4&adv=21679951691539809&slink=s4maga,2023-04-24,DEALER
11665289606291122,Mercedes-Benz,S,BGN,80000,150600,2016,true,true,//www.mobile.bg/pcgi/mobile.cgi?act=4&adv=11665289606291122&slink=s4maga,2023-04-24,DEALER
11681142157354753,Opel,Zafira,BGN,12900,125000,2014,true,true,//www.mobile.bg/pcgi/mobile.cgi?act=4&adv=11681142157354753&slink=s4maga,2023-04-24,DEALER
11682106379426976,Subaru,Forester,BGN,7699,237280,2004,true,true,//www.mobile.bg/pcgi/mobile.cgi?act=4&adv=11682106379426976&slink=s4maga,2023-04-24,DEALER
11669139901779044,Toyota,Avensis,BGN,11990,178000,2010,true,true,//www.mobile.bg/pcgi/mobile.cgi?act=4&adv=11669139901779044&slink=s4maga,2023-04-24,DEALER
11681844887997914,VW,Passat,BGN,7990,195411,2008,true,true,//www.mobile.bg/pcgi/mobile.cgi?act=4&adv=11681844887997914&slink=s4maga,2023-04-24,DEALER
21679135306957423,VW,Touareg,BGN,115000,77927,2019,true,true,//www.mobile.bg/pcgi/mobile.cgi?act=4&adv=21679135306957423&slink=s4maga,2023-04-24,DEALER
11679254671649706,Audi,A3,BGN,7700,230000,2006,true,true,//www.mobile.bg/pcgi/mobile.cgi?act=4&adv=11679254671649706&slink=s4maga,2023-04-24,DEALER
11679254671649706,Audi,A3,BGN,7700,230000,2006,true,true,//www.mobile.bg/pcgi/mobile.cgi?act=4&adv=11679254671649706&slink=s4maga,2023-04-24,DEALER
11668094159277769,Audi,A8,BGN,53900,204955,2014,true,true,//www.mobile.bg/pcgi/mobile.cgi?act=4&adv=11668094159277769&slink=s4maga,2023-04-24,DEALER
11682088592856839,Audi,S3,BGN,44500,68800,2015,true,true,//www.mobile.bg/pcgi/mobile.cgi?act=4&adv=11682088592856839&slink=s4maga,2023-04-24,DEALER
21681377078676004,Audi,SQ5,BGN,0,130000,2016,true,true,//www.mobile.bg/pcgi/mobile.cgi?act=4&adv=21681377078676004&slink=s4maga,2023-04-24,DEALER
11678362735812524,BMW,120,BGN,7500,169000,2007,true,true,//www.mobile.bg/pcgi/mobile.cgi?act=4&adv=11678362735812524&slink=s4maga,2023-04-24,DEALER
11645184315787218,BMW,318,BGN,11999,200000,2011,true,true,//www.mobile.bg/pcgi/mobile.cgi?act=4&adv=11645184315787218&slink=s4maga,2023-04-24,DEALER
11682006443596282,BMW,330,BGN,9999,197000,2007,true,true,//www.mobile.bg/pcgi/mobile.cgi?act=4&adv=11682006443596282&slink=s4maga,2023-04-24,DEALER
11680808423913054,BMW,330,BGN,17899,170000,2006,true,true,//www.mobile.bg/pcgi/mobile.cgi?act=4&adv=11680808423913054&slink=s4maga,2023-04-24,DEALER
11680778385316446,BMW,520,BGN,6990,202509,2006,true,true,//www.mobile.bg/pcgi/mobile.cgi?act=4&adv=11680778385316446&slink=s4maga,2023-04-24,DEALER
11671470004220184,BMW,530,BGN,14990,200000,2008,true,true,//www.mobile.bg/pcgi/mobile.cgi?act=4&adv=11671470004220184&slink=s4maga,2023-04-24,DEALER
21678536435126140,BMW,X5,BGN,25899,200000,2011,true,true,//www.mobile.bg/pcgi/mobile.cgi?act=4&adv=21678536435126140&slink=s4maga,2023-04-24,DEALER
21677857413244404,Chevrolet,Captiva,BGN,12800,227000,2012,true,true,//www.mobile.bg/pcgi/mobile.cgi?act=4&adv=21677857413244404&slink=s4maga,2023-04-24,DEALER
11677532225305417,Chevrolet,Epica,BGN,9980,33000,2009,true,true,//www.mobile.bg/pcgi/mobile.cgi?act=4&adv=11677532225305417&slink=s4maga,2023-04-24,DEALER
11680600671914502,Citroen,C4,BGN,0,127000,2018,true,true,//www.mobile.bg/pcgi/mobile.cgi?act=4&adv=11680600671914502&slink=s4maga,2023-04-24,DEALER
11663365239633579,Citroen,C4,BGN,0,161000,2015,true,true,//www.mobile.bg/pcgi/mobile.cgi?act=4&adv=11663365239633579&slink=s4maga,2023-04-24,DEALER
21671808812015160,Daihatsu,Terios,BGN,10700,199000,2007,true,true,//www.mobile.bg/pcgi/mobile.cgi?act=4&adv=21671808812015160&slink=s4maga,2023-04-24,DEALER
11675525996833039,Fiat,Doblo,BGN,6900,240000,2007,true,true,//www.mobile.bg/pcgi/mobile.cgi?act=4&adv=11675525996833039&slink=s4maga,2023-04-24,DEALER
11670399990578368,Ford,C-max,BGN,8500,160000,2010,true,true,//www.mobile.bg/pcgi/mobile.cgi?act=4&adv=11670399990578368&slink=s4maga,2023-04-24,DEALER
11679336065004692,Ford,Connect,BGN,7900,187000,2007,true,true,//www.mobile.bg/pcgi/mobile.cgi?act=4&adv=11679336065004692&slink=s4maga,2023-04-24,DEALER
11673105596742058,Ford,Focus,BGN,6590,140000,2007,true,true,//www.mobile.bg/pcgi/mobile.cgi?act=4&adv=11673105596742058&slink=s4maga,2023-04-24,DEALER
11682112372970902,Ford,Mondeo,BGN,10999,207213,2009,true,true,//www.mobile.bg/pcgi/mobile.cgi?act=4&adv=11682112372970902&slink=s4maga,2023-04-24,DEALER
11682112372970902,Ford,Mondeo,BGN,10999,207213,2009,true,true,//www.mobile.bg/pcgi/mobile.cgi?act=4&adv=11682112372970902&slink=s4maga,2023-04-24,DEALER
11670243156207768,Honda,Civic,BGN,6900,177943,2007,true,true,//www.mobile.bg/pcgi/mobile.cgi?act=4&adv=11670243156207768&slink=s4maga,2023-04-24,DEALER
21680254323766750,Honda,Cr-v,BGN,10999,180000,2003,true,true,//www.mobile.bg/pcgi/mobile.cgi?act=4&adv=21680254323766750&slink=s4maga,2023-04-24,DEALER
21681825848642032,Honda,Cr-v,BGN,17777,232527,2007,true,true,//www.mobile.bg/pcgi/mobile.cgi?act=4&adv=21681825848642032&slink=s4maga,2023-04-24,DEALER
11610618633923099,Hyundai,I20,BGN,7999,164000,2013,true,true,//www.mobile.bg/pcgi/mobile.cgi?act=4&adv=11610618633923099&slink=s4maga,2023-04-24,DEALER
11676409440897692,Hyundai,I30,BGN,8390,189000,2011,true,true,//www.mobile.bg/pcgi/mobile.cgi?act=4&adv=11676409440897692&slink=s4maga,2023-04-24,DEALER
11681307781336385,Hyundai,I40,BGN,17700,230980,2012,true,true,//www.mobile.bg/pcgi/mobile.cgi?act=4&adv=11681307781336385&slink=s4maga,2023-04-24,DEALER
21682111363248579,Hyundai,Santa,BGN,9500,189000,2008,true,true,//www.mobile.bg/pcgi/mobile.cgi?act=4&adv=21682111363248579&slink=s4maga,2023-04-24,DEALER
21662123005644312,Hyundai,Santa,BGN,48500,34000,2020,true,true,//www.mobile.bg/pcgi/mobile.cgi?act=4&adv=21662123005644312&slink=s4maga,2023-04-24,DEALER
21679992134019122,Hyundai,Tucson,BGN,0,34000,2022,true,true,//www.mobile.bg/pcgi/mobile.cgi?act=4&adv=21679992134019122&slink=s4maga,2023-04-24,DEALER
11681119439351855,Kia,Venga,BGN,0,160000,2014,true,true,//www.mobile.bg/pcgi/mobile.cgi?act=4&adv=11681119439351855&slink=s4maga,2023-04-24,DEALER
21667486348349932,Land,Rover,BGN,35500,192849,2013,true,true,//www.mobile.bg/pcgi/mobile.cgi?act=4&adv=21667486348349932&slink=s4maga,2023-04-24,DEALER
11669215910921968,Lexus,RC,BGN,58500,64000,2015,true,true,//www.mobile.bg/pcgi/mobile.cgi?act=4&adv=11669215910921968&slink=s4maga,2023-04-24,DEALER
11681827114296846,Mazda,6,BGN,3900,210000,2002,true,true,//www.mobile.bg/pcgi/mobile.cgi?act=4&adv=11681827114296846&slink=s4maga,2023-04-24,DEALER
21677795233215726,Mazda,СХ-3,BGN,33970,95251,2016,true,true,//www.mobile.bg/pcgi/mobile.cgi?act=4&adv=21677795233215726&slink=s4maga,2023-04-24,DEALER
11682012803181240,Mercedes-Benz,B,BGN,14900,173000,2013,true,true,//www.mobile.bg/pcgi/mobile.cgi?act=4&adv=11682012803181240&slink=s4maga,2023-04-24,DEALER
11674161160089710,Mercedes-Benz,C,BGN,10999,213500,2010,true,true,//www.mobile.bg/pcgi/mobile.cgi?act=4&adv=11674161160089710&slink=s4maga,2023-04-24,DEALER
11676883252476347,Mercedes-Benz,E,BGN,69999,132304,2018,true,true,//www.mobile.bg/pcgi/mobile.cgi?act=4&adv=11676883252476347&slink=s4maga,2023-04-24,DEALER
21649919852857703,Mercedes-Benz,GLC,BGN,65000,105000,2016,true,true,//www.mobile.bg/pcgi/mobile.cgi?act=4&adv=21649919852857703&slink=s4maga,2023-04-24,DEALER
21666463224225815,Mercedes-Benz,ML,BGN,19999,178000,2009,true,true,//www.mobile.bg/pcgi/mobile.cgi?act=4&adv=21666463224225815&slink=s4maga,2023-04-24,DEALER
21678087382825518,Mercedes-Benz,ML,BGN,43500,182000,2013,true,true,//www.mobile.bg/pcgi/mobile.cgi?act=4&adv=21678087382825518&slink=s4maga,2023-04-24,DEALER
21678087382825518,Mercedes-Benz,ML,BGN,43500,182000,2013,true,true,//www.mobile.bg/pcgi/mobile.cgi?act=4&adv=21678087382825518&slink=s4maga,2023-04-24,DEALER
11680244515960688,Mini,Cooper,BGN,5500,164000,2003,true,true,//www.mobile.bg/pcgi/mobile.cgi?act=4&adv=11680244515960688&slink=s4maga,2023-04-24,DEALER
11669733835687846,Mini,Cooper,BGN,54900,12720,2020,true,true,//www.mobile.bg/pcgi/mobile.cgi?act=4&adv=11669733835687846&slink=s4maga,2023-04-24,DEALER
21681819117747711,Mitsubishi,ASX,BGN,18990,151000,2013,true,true,//www.mobile.bg/pcgi/mobile.cgi?act=4&adv=21681819117747711&slink=s4maga,2023-04-24,DEALER
11642507772031600,Mitsubishi,Colt,BGN,5290,175000,2007,true,true,//www.mobile.bg/pcgi/mobile.cgi?act=4&adv=11642507772031600&slink=s4maga,2023-04-24,DEALER
21680008762550361,Mitsubishi,Pajero,BGN,6899,191634,1996,true,true,//www.mobile.bg/pcgi/mobile.cgi?act=4&adv=21680008762550361&slink=s4maga,2023-04-24,DEALER
21657457593426684,Nissan,Juke,BGN,15900,241000,2013,true,true,//www.mobile.bg/pcgi/mobile.cgi?act=4&adv=21657457593426684&slink=s4maga,2023-04-24,DEALER
11661268233522488,Nissan,Leaf,BGN,21900,54000,2013,true,true,//www.mobile.bg/pcgi/mobile.cgi?act=4&adv=11661268233522488&slink=s4maga,2023-04-24,DEALER
21679758923111425,Nissan,Qashqai,BGN,13299,236000,2011,true,true,//www.mobile.bg/pcgi/mobile.cgi?act=4&adv=21679758923111425&slink=s4maga,2023-04-24,DEALER
21664869535897335,Nissan,Qashqai,BGN,19900,198000,2014,true,true,//www.mobile.bg/pcgi/mobile.cgi?act=4&adv=21664869535897335&slink=s4maga,2023-04-24,DEALER
11672815384131886,Opel,Adam,BGN,11900,120000,2013,true,true,//www.mobile.bg/pcgi/mobile.cgi?act=4&adv=11672815384131886&slink=s4maga,2023-04-24,DEALER
11668239044638300,Opel,Astra,BGN,5300,231000,2004,true,true,//www.mobile.bg/pcgi/mobile.cgi?act=4&adv=11668239044638300&slink=s4maga,2023-04-24,DEALER
11677594972955683,Opel,Corsa,BGN,2777,213541,2003,true,true,//www.mobile.bg/pcgi/mobile.cgi?act=4&adv=11677594972955683&slink=s4maga,2023-04-24,DEALER
11667802646848048,Opel,Corsa,BGN,4700,49000,2002,true,true,//www.mobile.bg/pcgi/mobile.cgi?act=4&adv=11667802646848048&slink=s4maga,2023-04-24,DEALER
11681747055784575,Opel,Insignia,BGN,20900,110000,2016,true,true,//www.mobile.bg/pcgi/mobile.cgi?act=4&adv=11681747055784575&slink=s4maga,2023-04-24,DEALER
21680699654886687,Opel,Mokka,BGN,17300,172000,2014,true,true,//www.mobile.bg/pcgi/mobile.cgi?act=4&adv=21680699654886687&slink=s4maga,2023-04-24,DEALER
11681828238293563,Peugeot,206,BGN,3400,185000,2003,true,true,//www.mobile.bg/pcgi/mobile.cgi?act=4&adv=11681828238293563&slink=s4maga,2023-04-24,DEALER
11673343352706631,Peugeot,308,BGN,9100,181525,2010,true,true,//www.mobile.bg/pcgi/mobile.cgi?act=4&adv=11673343352706631&slink=s4maga,2023-04-24,DEALER
11679454272441646,Peugeot,308,BGN,0,168000,2018,true,true,//www.mobile.bg/pcgi/mobile.cgi?act=4&adv=11679454272441646&slink=s4maga,2023-04-24,DEALER
11679755964892694,Seat,Ibiza,BGN,9299,109560,2013,true,true,//www.mobile.bg/pcgi/mobile.cgi?act=4&adv=11679755964892694&slink=s4maga,2023-04-24,DEALER
11682082841941497,Seat,Ibiza,BGN,0,102000,2015,true,true,//www.mobile.bg/pcgi/mobile.cgi?act=4&adv=11682082841941497&slink=s4maga,2023-04-24,DEALER
11682082841941497,Seat,Ibiza,BGN,0,102000,2015,true,true,//www.mobile.bg/pcgi/mobile.cgi?act=4&adv=11682082841941497&slink=s4maga,2023-04-24,DEALER
11678377396259393,Seat,Leon,BGN,8499,198000,2008,true,true,//www.mobile.bg/pcgi/mobile.cgi?act=4&adv=11678377396259393&slink=s4maga,2023-04-24,DEALER
11673252558273284,Skoda,Superb,BGN,6299,246000,2004,true,true,//www.mobile.bg/pcgi/mobile.cgi?act=4&adv=11673252558273284&slink=s4maga,2023-04-24,DEALER
11676649659532065,Skoda,Superb,BGN,23000,168500,2015,true,true,//www.mobile.bg/pcgi/mobile.cgi?act=4&adv=11676649659532065&slink=s4maga,2023-04-24,DEALER
11668448394240867,Smart,Fortwo,BGN,2800,135086,1999,true,true,//www.mobile.bg/pcgi/mobile.cgi?act=4&adv=11668448394240867&slink=s4maga,2023-04-24,DEALER
11680592190575991,Subaru,XV,BGN,19900,189000,2013,true,true,//www.mobile.bg/pcgi/mobile.cgi?act=4&adv=11680592190575991&slink=s4maga,2023-04-24,DEALER
11679642430861794,Toyota,Auris,BGN,10500,163000,2009,true,true,//www.mobile.bg/pcgi/mobile.cgi?act=4&adv=11679642430861794&slink=s4maga,2023-04-24,DEALER
11680165376571741,Toyota,Auris,BGN,9490,199506,2009,true,true,//www.mobile.bg/pcgi/mobile.cgi?act=4&adv=11680165376571741&slink=s4maga,2023-04-24,DEALER
11680379605288686,Toyota,bZ4X,BGN,107800,31,2023,true,true,//www.mobile.bg/pcgi/mobile.cgi?act=4&adv=11680379605288686&slink=s4maga,2023-04-24,DEALER
21680422631219336,Toyota,Rav4,BGN,17900,228897,2010,true,true,//www.mobile.bg/pcgi/mobile.cgi?act=4&adv=21680422631219336&slink=s4maga,2023-04-24,DEALER
21675870954269492,Toyota,Rav4,BGN,19900,147000,2010,true,true,//www.mobile.bg/pcgi/mobile.cgi?act=4&adv=21675870954269492&slink=s4maga,2023-04-24,DEALER
21680416616731880,Toyota,Rav4,BGN,20400,187875,2010,true,true,//www.mobile.bg/pcgi/mobile.cgi?act=4&adv=21680416616731880&slink=s4maga,2023-04-24,DEALER
11680533986340264,Toyota,Yaris,BGN,26600,65000,2019,true,true,//www.mobile.bg/pcgi/mobile.cgi?act=4&adv=11680533986340264&slink=s4maga,2023-04-24,DEALER
21680000077426294,Volvo,XC60,BGN,29900,193000,2013,true,true,//www.mobile.bg/pcgi/mobile.cgi?act=4&adv=21680000077426294&slink=s4maga,2023-04-24,DEALER
11681998879804057,VW,Golf,BGN,9990,142674,2008,true,true,//www.mobile.bg/pcgi/mobile.cgi?act=4&adv=11681998879804057&slink=s4maga,2023-04-24,DEALER
11662964668048572,VW,Passat,BGN,28500,120070,2016,true,true,//www.mobile.bg/pcgi/mobile.cgi?act=4&adv=11662964668048572&slink=s4maga,2023-04-24,DEALER
11678430537612830,VW,Passat,BGN,0,174000,2014,true,true,//www.mobile.bg/pcgi/mobile.cgi?act=4&adv=11678430537612830&slink=s4maga,2023-04-24,DEALER
11666983235985783,VW,Polo,BGN,0,130331,2012,true,true,//www.mobile.bg/pcgi/mobile.cgi?act=4&adv=11666983235985783&slink=s4maga,2023-04-24,DEALER
11674151982180348,VW,Touran,BGN,13500,197000,2012,true,true,//www.mobile.bg/pcgi/mobile.cgi?act=4&adv=11674151982180348&slink=s4maga,2023-04-24,DEALER
11681748357222019,VW,Touran,BGN,13999,228000,2008,true,true,//www.mobile.bg/pcgi/mobile.cgi?act=4&adv=11681748357222019&slink=s4maga,2023-04-24,DEALER
11663329936406358,Alfa,Romeo,BGN,8500,230000,2007,false,true,//www.mobile.bg/pcgi/mobile.cgi?act=4&adv=11663329936406358&slink=s4maga,2023-04-24,DEALER
11663329936406358,Alfa,Romeo,BGN,8500,230000,2007,false,true,//www.mobile.bg/pcgi/mobile.cgi?act=4&adv=11663329936406358&slink=s4maga,2023-04-24,DEALER
11681741309843833,Alfa,Romeo,BGN,50000,57600,2020,false,true,//www.mobile.bg/pcgi/mobile.cgi?act=4&adv=11681741309843833&slink=s4maga,2023-04-24,DEALER
11680793603412536,Audi,A3,BGN,6900,173700,2005,false,true,//www.mobile.bg/pcgi/mobile.cgi?act=4&adv=11680793603412536&slink=s4maga,2023-04-24,DEALER
11670354785463949,Audi,A3,BGN,7699,207580,2006,false,true,//www.mobile.bg/pcgi/mobile.cgi?act=4&adv=11670354785463949&slink=s4maga,2023-04-24,DEALER
11679245222341790,Audi,A3,BGN,17999,229456,2013,false,true,//www.mobile.bg/pcgi/mobile.cgi?act=4&adv=11679245222341790&slink=s4maga,2023-04-24,DEALER
11671532430680682,Audi,A4,BGN,12499,250000,2009,false,true,//www.mobile.bg/pcgi/mobile.cgi?act=4&adv=11671532430680682&slink=s4maga,2023-04-24,DEALER
11679322421946957,Audi,A4,BGN,19450,200000,2008,false,true,//www.mobile.bg/pcgi/mobile.cgi?act=4&adv=11679322421946957&slink=s4maga,2023-04-24,DEALER
11671598008372466,Audi,A4,BGN,24888,180000,2012,false,true,//www.mobile.bg/pcgi/mobile.cgi?act=4&adv=11671598008372466&slink=s4maga,2023-04-24,DEALER
11675109774161311,Audi,A4,BGN,34999,190120,2016,false,true,//www.mobile.bg/pcgi/mobile.cgi?act=4&adv=11675109774161311&slink=s4maga,2023-04-24,DEALER
11682198988601160,Audi,A4,BGN,49000,148000,2019,false,true,//www.mobile.bg/pcgi/mobile.cgi?act=4&adv=11682198988601160&slink=s4maga,2023-04-24,DEALER
11679403630642891,Audi,A5,BGN,37000,133800,2013,false,true,//www.mobile.bg/pcgi/mobile.cgi?act=4&adv=11679403630642891&slink=s4maga,2023-04-24,DEALER
11676232595396509,Audi,A5,BGN,34999,160000,2012,false,true,//www.mobile.bg/pcgi/mobile.cgi?act=4&adv=11676232595396509&slink=s4maga,2023-04-24,DEALER
11679901576135458,Audi,A6,BGN,45000,249000,2015,false,true,//www.mobile.bg/pcgi/mobile.cgi?act=4&adv=11679901576135458&slink=s4maga,2023-04-24,DEALER
11669707337297611,Audi,A6,BGN,89900,75000,2019,false,true,//www.mobile.bg/pcgi/mobile.cgi?act=4&adv=11669707337297611&slink=s4maga,2023-04-24,DEALER
11677281893853581,Audi,A6,BGN,0,216357,2014,false,true,//www.mobile.bg/pcgi/mobile.cgi?act=4&adv=11677281893853581&slink=s4maga,2023-04-24,DEALER
11681226463436884,Audi,A6,BGN,9200,225777,2008,false,true,//www.mobile.bg/pcgi/mobile.cgi?act=4&adv=11681226463436884&slink=s4maga,2023-04-24,DEALER
11679576401205246,Audi,A6,BGN,34888,200000,2012,false,true,//www.mobile.bg/pcgi/mobile.cgi?act=4&adv=11679576401205246&slink=s4maga,2023-04-24,DEALER
11679897586352060,Audi,A6,BGN,0,135000,2014,false,true,//www.mobile.bg/pcgi/mobile.cgi?act=4&adv=11679897586352060&slink=s4maga,2023-04-24,DEALER
11674979498285142,Audi,A7,BGN,25990,76532,2015,false,true,//www.mobile.bg/pcgi/mobile.cgi?act=4&adv=11674979498285142&slink=s4maga,2023-04-24,DEALER
11678700636265392,Audi,A8,BGN,36888,197000,2012,false,true,//www.mobile.bg/pcgi/mobile.cgi?act=4&adv=11678700636265392&slink=s4maga,2023-04-24,DEALER
11675271589936811,Audi,A8,BGN,42000,144000,2004,false,true,//www.mobile.bg/pcgi/mobile.cgi?act=4&adv=11675271589936811&slink=s4maga,2023-04-24,DEALER
11675271589936811,Audi,A8,BGN,42000,144000,2004,false,true,//www.mobile.bg/pcgi/mobile.cgi?act=4&adv=11675271589936811&slink=s4maga,2023-04-24,DEALER
11674660835133186,Audi,A8,BGN,46000,174000,2012,false,true,//www.mobile.bg/pcgi/mobile.cgi?act=4&adv=11674660835133186&slink=s4maga,2023-04-24,DEALER
11663534009115152,Audi,A8,BGN,93444,167334,2019,false,true,//www.mobile.bg/pcgi/mobile.cgi?act=4&adv=11663534009115152&slink=s4maga,2023-04-24,DEALER
21677273763052091,Audi,Q3,BGN,28499,173600,2014,false,true,//www.mobile.bg/pcgi/mobile.cgi?act=4&adv=21677273763052091&slink=s4maga,2023-04-24,DEALER
21676582603762479,Audi,Q7,BGN,18900,196576,2008,false,true,//www.mobile.bg/pcgi/mobile.cgi?act=4&adv=21676582603762479&slink=s4maga,2023-04-24,DEALER
11562412137330236,Audi,Q7,BGN,25500,45,2010,false,true,//www.mobile.bg/pcgi/mobile.cgi?act=4&adv=11562412137330236&slink=s4maga,2023-04-24,DEALER
21676371077527656,Audi,Q7,BGN,75999,178000,2015,false,true,//www.mobile.bg/pcgi/mobile.cgi?act=4&adv=21676371077527656&slink=s4maga,2023-04-24,DEALER
21678394993228780,Audi,Q8,BGN,97000,8380,2022,false,true,//www.mobile.bg/pcgi/mobile.cgi?act=4&adv=21678394993228780&slink=s4maga,2023-04-24,DEALER
21676221593951849,Audi,SQ5,BGN,39777,186332,2015,false,true,//www.mobile.bg/pcgi/mobile.cgi?act=4&adv=21676221593951849&slink=s4maga,2023-04-24,DEALER
21676468019358750,Audi,SQ5,BGN,44995,138325,2014,false,true,//www.mobile.bg/pcgi/mobile.cgi?act=4&adv=21676468019358750&slink=s4maga,2023-04-24,DEALER
21673355175909724,Audi,SQ7,BGN,102000,152000,2016,false,true,//www.mobile.bg/pcgi/mobile.cgi?act=4&adv=21673355175909724&slink=s4maga,2023-04-24,DEALER
21664455150536874,Audi,SQ8,EUR,110000,47000,2020,false,true,//www.mobile.bg/pcgi/mobile.cgi?act=4&adv=21664455150536874&slink=s4maga,2023-04-24,DEALER
11651046462969175,BMW,116,BGN,8999,216000,2009,false,true,//www.mobile.bg/pcgi/mobile.cgi?act=4&adv=11651046462969175&slink=s4maga,2023-04-24,DEALER
11679597200546803,BMW,116,BGN,0,214000,2015,false,true,//www.mobile.bg/pcgi/mobile.cgi?act=4&adv=11679597200546803&slink=s4maga,2023-04-24,DEALER
11650915636438071,BMW,120,BGN,0,165000,2008,false,true,//www.mobile.bg/pcgi/mobile.cgi?act=4&adv=11650915636438071&slink=s4maga,2023-04-24,DEALER
11679643093858855,BMW,318,BGN,2200,211623,1997,false,true,//www.mobile.bg/pcgi/mobile.cgi?act=4&adv=11679643093858855&slink=s4maga,2023-04-24,DEALER
11645520027627600,BMW,320,BGN,8333,178649,2007,false,true,//www.mobile.bg/pcgi/mobile.cgi?act=4&adv=11645520027627600&slink=s4maga,2023-04-24,DEALER
11680250209965811,BMW,320,BGN,8400,210000,2006,false,true,//www.mobile.bg/pcgi/mobile.cgi?act=4&adv=11680250209965811&slink=s4maga,2023-04-24,DEALER
11675198605360701,BMW,320,BGN,27500,156400,2018,false,true,//www.mobile.bg/pcgi/mobile.cgi?act=4&adv=11675198605360701&slink=s4maga,2023-04-24,DEALER
11663361820171577,BMW,320,BGN,28888,172620,2015,false,true,//www.mobile.bg/pcgi/mobile.cgi?act=4&adv=11663361820171577&slink=s4maga,2023-04-24,DEALER
11681416884645991,BMW,320,BGN,32700,241000,2013,false,true,//www.mobile.bg/pcgi/mobile.cgi?act=4&adv=11681416884645991&slink=s4maga,2023-04-24,DEALER
11681416884645991,BMW,320,BGN,32700,241000,2013,false,true,//www.mobile.bg/pcgi/mobile.cgi?act=4&adv=11681416884645991&slink=s4maga,2023-04-24,DEALER
11680178083143923,BMW,320,BGN,83900,25706,2021,false,true,//www.mobile.bg/pcgi/mobile.cgi?act=4&adv=11680178083143923&slink=s4maga,2023-04-24,DEALER
11679426382748117,BMW,330,BGN,13990,250000,2006,false,true,//www.mobile.bg/pcgi/mobile.cgi?act=4&adv=11679426382748117&slink=s4maga,2023-04-24,DEALER
11681409381273677,BMW,330,BGN,16800,220000,2009,false,true,//www.mobile.bg/pcgi/mobile.cgi?act=4&adv=11681409381273677&slink=s4maga,2023-04-24,DEALER
11675199813766472,BMW,330,BGN,43800,190790,2018,false,true,//www.mobile.bg/pcgi/mobile.cgi?act=4&adv=11675199813766472&slink=s4maga,2023-04-24,DEALER
11678825467213789,BMW,420,BGN,32300,223300,2016,false,true,//www.mobile.bg/pcgi/mobile.cgi?act=4&adv=11678825467213789&slink=s4maga,2023-04-24,DEALER
11678465514459858,BMW,430,BGN,0,179700,2014,false,true,//www.mobile.bg/pcgi/mobile.cgi?act=4&adv=11678465514459858&slink=s4maga,2023-04-24,DEALER
11678389945896672,BMW,435,BGN,52900,170000,2016,false,true,//www.mobile.bg/pcgi/mobile.cgi?act=4&adv=11678389945896672&slink=s4maga,2023-04-24,DEALER
11678455894400858,BMW,440,BGN,58000,9834,2021,false,true,//www.mobile.bg/pcgi/mobile.cgi?act=4&adv=11678455894400858&slink=s4maga,2023-04-24,DEALER
11664556054049133,BMW,520,BGN,29999,212000,2014,false,true,//www.mobile.bg/pcgi/mobile.cgi?act=4&adv=11664556054049133&slink=s4maga,2023-04-24,DEALER
11673350285913791,BMW,525,BGN,11500,182000,2007,false,true,//www.mobile.bg/pcgi/mobile.cgi?act=4&adv=11673350285913791&slink=s4maga,2023-04-24,DEALER
11556005874382921,BMW,525,BGN,14999,183000,2007,false,true,//www.mobile.bg/pcgi/mobile.cgi?act=4&adv=11556005874382921&slink=s4maga,2023-04-24,DEALER
11680296004292374,BMW,530,BGN,9799,290000,2009,false,true,//www.mobile.bg/pcgi/mobile.cgi?act=4&adv=11680296004292374&slink=s4maga,2023-04-24,DEALER
11676569112343473,BMW,530,BGN,13999,241000,2005,false,true,//www.mobile.bg/pcgi/mobile.cgi?act=4&adv=11676569112343473&slink=s4maga,2023-04-24,DEALER
11672069695239221,BMW,530,BGN,19400,219365,2010,false,true,//www.mobile.bg/pcgi/mobile.cgi?act=4&adv=11672069695239221&slink=s4maga,2023-04-24,DEALER
11676048268398083,BMW,530,BGN,32999,180000,2011,false,true,//www.mobile.bg/pcgi/mobile.cgi?act=4&adv=11676048268398083&slink=s4maga,2023-04-24,DEALER
11672476189381308,BMW,530,BGN,67900,133890,2017,false,true,//www.mobile.bg/pcgi/mobile.cgi?act=4&adv=11672476189381308&slink=s4maga,2023-04-24,DEALER
11668186240915323,BMW,530,BGN,0,247000,2013,false,true,//www.mobile.bg/pcgi/mobile.cgi?act=4&adv=11668186240915323&slink=s4maga,2023-04-24,DEALER
11671005468790586,BMW,530,BGN,0,310000,2011,false,true,//www.mobile.bg/pcgi/mobile.cgi?act=4&adv=11671005468790586&slink=s4maga,2023-04-24,DEALER
11650483021451382,BMW,730,BGN,0,228000,2010,false,true,//www.mobile.bg/pcgi/mobile.cgi?act=4&adv=11650483021451382&slink=s4maga,2023-04-24,DEALER
11679585655986029,BMW,M4,BGN,99000,31000,2019,false,true,//www.mobile.bg/pcgi/mobile.cgi?act=4&adv=11679585655986029&slink=s4maga,2023-04-24,DEALER
11679585655986029,BMW,M4,BGN,99000,31000,2019,false,true,//www.mobile.bg/pcgi/mobile.cgi?act=4&adv=11679585655986029&slink=s4maga,2023-04-24,DEALER
21489398140124591,BMW,X3,BGN,12780,168000,2008,false,true,//www.mobile.bg/pcgi/mobile.cgi?act=4&adv=21489398140124591&slink=s4maga,2023-04-24,DEALER
21673451574637802,BMW,X5,BGN,57999,167000,2016,false,true,//www.mobile.bg/pcgi/mobile.cgi?act=4&adv=21673451574637802&slink=s4maga,2023-04-24,DEALER
21663362942447373,BMW,X5,BGN,58888,178520,2014,false,true,//www.mobile.bg/pcgi/mobile.cgi?act=4&adv=21663362942447373&slink=s4maga,2023-04-24,DEALER
21677675303462251,BMW,X6,BGN,27700,204541,2010,false,true,//www.mobile.bg/pcgi/mobile.cgi?act=4&adv=21677675303462251&slink=s4maga,2023-04-24,DEALER
21679824033733245,BMW,X6,BGN,31900,179000,2009,false,true,//www.mobile.bg/pcgi/mobile.cgi?act=4&adv=21679824033733245&slink=s4maga,2023-04-24,DEALER
21676400009557530,BMW,X7,BGN,254500,50,2023,false,true,//www.mobile.bg/pcgi/mobile.cgi?act=4&adv=21676400009557530&slink=s4maga,2023-04-24,DEALER
21649448435173675,Cadillac,Escalade,EUR,72000,32000,2020,false,true,//www.mobile.bg/pcgi/mobile.cgi?act=4&adv=21649448435173675&slink=s4maga,2023-04-24,DEALER
11678453274233241,Chevrolet,Camaro,BGN,21900,43250,2018,false,true,//www.mobile.bg/pcgi/mobile.cgi?act=4&adv=11678453274233241&slink=s4maga,2023-04-24,DEALER
21675079722225774,Chevrolet,Captiva,BGN,14999,162000,2013,false,true,//www.mobile.bg/pcgi/mobile.cgi?act=4&adv=21675079722225774&slink=s4maga,2023-04-24,DEALER
11674657265325111,Chevrolet,Corvette,BGN,250000,23,8,false,true,//www.mobile.bg/pcgi/mobile.cgi?act=4&adv=11674657265325111&slink=s4maga,2023-04-24,DEALER
11679559305917703,Chevrolet,Corvette,BGN,0,24000,2020,false,true,//www.mobile.bg/pcgi/mobile.cgi?act=4&adv=11679559305917703&slink=s4maga,2023-04-24,DEALER
11673304223004528,Chrysler,Gr.voyager,BGN,0,173951,2008,false,true,//www.mobile.bg/pcgi/mobile.cgi?act=4&adv=11673304223004528&slink=s4maga,2023-04-24,DEALER
11652191334997753,Citroen,Grand,BGN,20600,217000,2015,false,true,//www.mobile.bg/pcgi/mobile.cgi?act=4&adv=11652191334997753&slink=s4maga,2023-04-24,DEALER
11668887420455590,Dacia,Dokker,BGN,11395,122788,2014,false,true,//www.mobile.bg/pcgi/mobile.cgi?act=4&adv=11668887420455590&slink=s4maga,2023-04-24,DEALER
11670931145180877,Dacia,Dokker,BGN,15800,107405,2015,false,true,//www.mobile.bg/pcgi/mobile.cgi?act=4&adv=11670931145180877&slink=s4maga,2023-04-24,DEALER
21677770767074456,Dacia,Duster,BGN,29900,96200,2018,false,true,//www.mobile.bg/pcgi/mobile.cgi?act=4&adv=21677770767074456&slink=s4maga,2023-04-24,DEALER
21676535555089568,Dacia,Duster,BGN,0,194000,2018,false,true,//www.mobile.bg/pcgi/mobile.cgi?act=4&adv=21676535555089568&slink=s4maga,2023-04-24,DEALER
11674228630672760,Dacia,Sandero,BGN,15500,146390,2017,false,true,//www.mobile.bg/pcgi/mobile.cgi?act=4&adv=11674228630672760&slink=s4maga,2023-04-24,DEALER
11681016684060640,Dacia,Sandero,BGN,0,150000,2013,false,true,//www.mobile.bg/pcgi/mobile.cgi?act=4&adv=11681016684060640&slink=s4maga,2023-04-24,DEALER
11681156083351572,Dacia,Sandero,BGN,0,180000,2010,false,true,//www.mobile.bg/pcgi/mobile.cgi?act=4&adv=11681156083351572&slink=s4maga,2023-04-24,DEALER
11681156083351572,Dacia,Sandero,BGN,0,180000,2010,false,true,//www.mobile.bg/pcgi/mobile.cgi?act=4&adv=11681156083351572&slink=s4maga,2023-04-24,DEALER
11678823554772207,Dodge,Caliber,BGN,0,167351,2010,false,true,//www.mobile.bg/pcgi/mobile.cgi?act=4&adv=11678823554772207&slink=s4maga,2023-04-24,DEALER
11680764222939183,DS,DS,BGN,75990,3,2023,false,true,//www.mobile.bg/pcgi/mobile.cgi?act=4&adv=11680764222939183&slink=s4maga,2023-04-24,DEALER
11680855004774772,DS,DS,BGN,94525,3,2023,false,true,//www.mobile.bg/pcgi/mobile.cgi?act=4&adv=11680855004774772&slink=s4maga,2023-04-24,DEALER
11675420054019763,DS,DS,BGN,99990,1000,2022,false,true,//www.mobile.bg/pcgi/mobile.cgi?act=4&adv=11675420054019763&slink=s4maga,2023-04-24,DEALER
21678718136668040,DS,DS,BGN,109900,180,2021,false,true,//www.mobile.bg/pcgi/mobile.cgi?act=4&adv=21678718136668040&slink=s4maga,2023-04-24,DEALER
21676382662381971,DS,DS,BGN,159000,2800,2022,false,true,//www.mobile.bg/pcgi/mobile.cgi?act=4&adv=21676382662381971&slink=s4maga,2023-04-24,DEALER
11654784992959374,Ferrari,SF,EUR,540000,60,2022,false,true,//www.mobile.bg/pcgi/mobile.cgi?act=4&adv=11654784992959374&slink=s4maga,2023-04-24,DEALER
11674657964835300,Fiat,500,BGN,36060,0,0,false,true,//www.mobile.bg/pcgi/mobile.cgi?act=4&adv=11674657964835300&slink=s4maga,2023-04-24,DEALER
21679692957535275,Fiat,Freemont,BGN,20500,162296,2016,false,true,//www.mobile.bg/pcgi/mobile.cgi?act=4&adv=21679692957535275&slink=s4maga,2023-04-24,DEALER
21676370228651099,Fiat,Freemont,BGN,0,179351,2012,false,true,//www.mobile.bg/pcgi/mobile.cgi?act=4&adv=21676370228651099&slink=s4maga,2023-04-24,DEALER
11679932755927775,Fiat,Punto,BGN,9400,144291,2012,false,true,//www.mobile.bg/pcgi/mobile.cgi?act=4&adv=11679932755927775&slink=s4maga,2023-04-24,DEALER
11680427973116756,Fiat,Sedici,BGN,0,182000,2006,false,true,//www.mobile.bg/pcgi/mobile.cgi?act=4&adv=11680427973116756&slink=s4maga,2023-04-24,DEALER
11677058380186278,Ford,C-max,BGN,11400,144185,2010,false,true,//www.mobile.bg/pcgi/mobile.cgi?act=4&adv=11677058380186278&slink=s4maga,2023-04-24,DEALER
11678743247305312,Ford,Connect,BGN,0,173951,2007,false,true,//www.mobile.bg/pcgi/mobile.cgi?act=4&adv=11678743247305312&slink=s4maga,2023-04-24,DEALER
11678871115503508,Ford,Focus,BGN,11600,138000,2012,false,true,//www.mobile.bg/pcgi/mobile.cgi?act=4&adv=11678871115503508&slink=s4maga,2023-04-24,DEALER
11670605433033397,Ford,Focus,BGN,11990,198550,2012,false,true,//www.mobile.bg/pcgi/mobile.cgi?act=4&adv=11670605433033397&slink=s4maga,2023-04-24,DEALER
11680956627129994,Ford,Galaxy,BGN,4999,252000,2005,false,true,//www.mobile.bg/pcgi/mobile.cgi?act=4&adv=11680956627129994&slink=s4maga,2023-04-24,DEALER
11675079779430958,Ford,Galaxy,BGN,0,157317,2008,false,true,//www.mobile.bg/pcgi/mobile.cgi?act=4&adv=11675079779430958&slink=s4maga,2023-04-24,DEALER
21671794039450025,Ford,Kuga,BGN,15999,186000,2012,false,true,//www.mobile.bg/pcgi/mobile.cgi?act=4&adv=21671794039450025&slink=s4maga,2023-04-24,DEALER
11643644614127327,Ford,Mustang,BGN,56000,2000,2016,false,true,//www.mobile.bg/pcgi/mobile.cgi?act=4&adv=11643644614127327&slink=s4maga,2023-04-24,DEALER
11643644614127327,Ford,Mustang,BGN,56000,2000,2016,false,true,//www.mobile.bg/pcgi/mobile.cgi?act=4&adv=11643644614127327&slink=s4maga,2023-04-24,DEALER
11676974329541206,Great,Wall,BGN,8995,109089,2010,false,true,//www.mobile.bg/pcgi/mobile.cgi?act=4&adv=11676974329541206&slink=s4maga,2023-04-24,DEALER
21669320054766006,Great,Wall,BGN,0,97035,2017,false,true,//www.mobile.bg/pcgi/mobile.cgi?act=4&adv=21669320054766006&slink=s4maga,2023-04-24,DEALER
11679556778466956,Honda,Accord,BGN,14400,223850,2010,false,true,//www.mobile.bg/pcgi/mobile.cgi?act=4&adv=11679556778466956&slink=s4maga,2023-04-24,DEALER
11679123629545130,Honda,Accord,BGN,17900,167337,2011,false,true,//www.mobile.bg/pcgi/mobile.cgi?act=4&adv=11679123629545130&slink=s4maga,2023-04-24,DEALER
11665668691766081,Honda,Civic,BGN,17800,154190,2012,false,true,//www.mobile.bg/pcgi/mobile.cgi?act=4&adv=11665668691766081&slink=s4maga,2023-04-24,DEALER
21681366625360596,Honda,Cr-v,BGN,5900,291761,1999,false,true,//www.mobile.bg/pcgi/mobile.cgi?act=4&adv=21681366625360596&slink=s4maga,2023-04-24,DEALER
21677576679741284,Honda,Cr-v,BGN,8300,180000,2005,false,true,//www.mobile.bg/pcgi/mobile.cgi?act=4&adv=21677576679741284&slink=s4maga,2023-04-24,DEALER
21681470066379369,Honda,Cr-v,BGN,12500,217000,2005,false,true,//www.mobile.bg/pcgi/mobile.cgi?act=4&adv=21681470066379369&slink=s4maga,2023-04-24,DEALER
21680421038762381,Honda,Cr-v,BGN,13900,182799,2008,false,true,//www.mobile.bg/pcgi/mobile.cgi?act=4&adv=21680421038762381&slink=s4maga,2023-04-24,DEALER
21676799341020545,Honda,Cr-v,BGN,14300,186785,2006,false,true,//www.mobile.bg/pcgi/mobile.cgi?act=4&adv=21676799341020545&slink=s4maga,2023-04-24,DEALER
21672689297878579,Honda,Cr-v,BGN,14444,195714,2005,false,true,//www.mobile.bg/pcgi/mobile.cgi?act=4&adv=21672689297878579&slink=s4maga,2023-04-24,DEALER
21678953500871665,Honda,Cr-v,BGN,14900,173624,2007,false,true,//www.mobile.bg/pcgi/mobile.cgi?act=4&adv=21678953500871665&slink=s4maga,2023-04-24,DEALER
21672689932742759,Honda,Cr-v,BGN,14999,197589,2005,false,true,//www.mobile.bg/pcgi/mobile.cgi?act=4&adv=21672689932742759&slink=s4maga,2023-04-24,DEALER
21661869621958200,Honda,Cr-v,BGN,16999,133000,2008,false,true,//www.mobile.bg/pcgi/mobile.cgi?act=4&adv=21661869621958200&slink=s4maga,2023-04-24,DEALER
21681364443020423,Honda,Cr-v,BGN,18900,220192,2007,false,true,//www.mobile.bg/pcgi/mobile.cgi?act=4&adv=21681364443020423&slink=s4maga,2023-04-24,DEALER
21681124097511398,Honda,Cr-v,BGN,23800,138000,2011,false,true,//www.mobile.bg/pcgi/mobile.cgi?act=4&adv=21681124097511398&slink=s4maga,2023-04-24,DEALER
21677329184336387,Honda,Cr-v,BGN,24800,117863,2010,false,true,//www.mobile.bg/pcgi/mobile.cgi?act=4&adv=21677329184336387&slink=s4maga,2023-04-24,DEALER
21679062672406897,Honda,Cr-v,BGN,25500,93396,2010,false,true,//www.mobile.bg/pcgi/mobile.cgi?act=4&adv=21679062672406897&slink=s4maga,2023-04-24,DEALER
21679468655625306,Honda,Cr-v,BGN,28400,158495,2013,false,true,//www.mobile.bg/pcgi/mobile.cgi?act=4&adv=21679468655625306&slink=s4maga,2023-04-24,DEALER
21679558024000998,Honda,Cr-v,BGN,30400,196087,2014,false,true,//www.mobile.bg/pcgi/mobile.cgi?act=4&adv=21679558024000998&slink=s4maga,2023-04-24,DEALER
21679558024000998,Honda,Cr-v,BGN,30400,196087,2014,false,true,//www.mobile.bg/pcgi/mobile.cgi?act=4&adv=21679558024000998&slink=s4maga,2023-04-24,DEALER
11666363782027593,Hyundai,Bayon,BGN,40900,0,0,false,true,//www.mobile.bg/pcgi/mobile.cgi?act=4&adv=11666363782027593&slink=s4maga,2023-04-24,DEALER
11677392834663251,Hyundai,I30,BGN,9900,104000,2011,false,true,//www.mobile.bg/pcgi/mobile.cgi?act=4&adv=11677392834663251&slink=s4maga,2023-04-24,DEALER
11676636521706200,Hyundai,I30,BGN,15999,200000,2012,false,true,//www.mobile.bg/pcgi/mobile.cgi?act=4&adv=11676636521706200&slink=s4maga,2023-04-24,DEALER
11659118154024092,Hyundai,I30,BGN,17555,145000,2015,false,true,//www.mobile.bg/pcgi/mobile.cgi?act=4&adv=11659118154024092&slink=s4maga,2023-04-24,DEALER
11667213612073550,Hyundai,I30,BGN,42900,0,0,false,true,//www.mobile.bg/pcgi/mobile.cgi?act=4&adv=11667213612073550&slink=s4maga,2023-04-24,DEALER
11679430391398188,Hyundai,I30,BGN,0,149000,2013,false,true,//www.mobile.bg/pcgi/mobile.cgi?act=4&adv=11679430391398188&slink=s4maga,2023-04-24,DEALER
11681586117403871,Hyundai,I40,BGN,21500,215900,2014,false,true,//www.mobile.bg/pcgi/mobile.cgi?act=4&adv=11681586117403871&slink=s4maga,2023-04-24,DEALER
11665949998866351,Hyundai,Ix20,BGN,10799,190546,2011,false,true,//www.mobile.bg/pcgi/mobile.cgi?act=4&adv=11665949998866351&slink=s4maga,2023-04-24,DEALER
21679947837081975,Hyundai,IX35,BGN,14500,170000,2010,false,true,//www.mobile.bg/pcgi/mobile.cgi?act=4&adv=21679947837081975&slink=s4maga,2023-04-24,DEALER
21679495315287355,Hyundai,IX35,BGN,15900,212000,2010,false,true,//www.mobile.bg/pcgi/mobile.cgi?act=4&adv=21679495315287355&slink=s4maga,2023-04-24,DEALER
21668155018330552,Hyundai,IX35,BGN,23888,132000,2012,false,true,//www.mobile.bg/pcgi/mobile.cgi?act=4&adv=21668155018330552&slink=s4maga,2023-04-24,DEALER
21681729302862920,Hyundai,Kona,EUR,19800,63000,2019,false,true,//www.mobile.bg/pcgi/mobile.cgi?act=4&adv=21681729302862920&slink=s4maga,2023-04-24,DEALER
21675754367737954,Hyundai,Kona,BGN,53900,0,0,false,true,//www.mobile.bg/pcgi/mobile.cgi?act=4&adv=21675754367737954&slink=s4maga,2023-04-24,DEALER
21681468211361842,Hyundai,Santa,BGN,9500,309087,2007,false,true,//www.mobile.bg/pcgi/mobile.cgi?act=4&adv=21681468211361842&slink=s4maga,2023-04-24,DEALER
21675226119906096,Hyundai,Santa,BGN,35888,166000,2014,false,true,//www.mobile.bg/pcgi/mobile.cgi?act=4&adv=21675226119906096&slink=s4maga,2023-04-24,DEALER
21670291041646369,Hyundai,Santa,BGN,35900,158550,2013,false,true,//www.mobile.bg/pcgi/mobile.cgi?act=4&adv=21670291041646369&slink=s4maga,2023-04-24,DEALER
21677899070382749,Hyundai,Santa,BGN,35990,145400,2014,false,true,//www.mobile.bg/pcgi/mobile.cgi?act=4&adv=21677899070382749&slink=s4maga,2023-04-24,DEALER
21675113642723622,Hyundai,Santa,BGN,36888,152000,2014,false,true,//www.mobile.bg/pcgi/mobile.cgi?act=4&adv=21675113642723622&slink=s4maga,2023-04-24,DEALER
21665897138260231,Hyundai,Santa,BGN,37888,156000,2014,false,true,//www.mobile.bg/pcgi/mobile.cgi?act=4&adv=21665897138260231&slink=s4maga,2023-04-24,DEALER
21680162432280506,Hyundai,Santa,BGN,38888,137777,2016,false,true,//www.mobile.bg/pcgi/mobile.cgi?act=4&adv=21680162432280506&slink=s4maga,2023-04-24,DEALER
21680162432280506,Hyundai,Santa,BGN,38888,137777,2016,false,true,//www.mobile.bg/pcgi/mobile.cgi?act=4&adv=21680162432280506&slink=s4maga,2023-04-24,DEALER
21666011977982495,Hyundai,Santa,BGN,38888,164300,2015,false,true,//www.mobile.bg/pcgi/mobile.cgi?act=4&adv=21666011977982495&slink=s4maga,2023-04-24,DEALER
21671598613487669,Hyundai,Santa,BGN,49888,119000,2017,false,true,//www.mobile.bg/pcgi/mobile.cgi?act=4&adv=21671598613487669&slink=s4maga,2023-04-24,DEALER
21676118770214616,Hyundai,Santa,BGN,77000,4305,2021,false,true,//www.mobile.bg/pcgi/mobile.cgi?act=4&adv=21676118770214616&slink=s4maga,2023-04-24,DEALER
11676732743560608,Hyundai,Sonata,BGN,19999,115000,2016,false,true,//www.mobile.bg/pcgi/mobile.cgi?act=4&adv=11676732743560608&slink=s4maga,2023-04-24,DEALER
11678706096697899,Hyundai,Sonata,BGN,21900,50000,2016,false,true,//www.mobile.bg/pcgi/mobile.cgi?act=4&adv=11678706096697899&slink=s4maga,2023-04-24,DEALER
11677824966820820,Hyundai,Sonata,BGN,26000,78545,2017,false,true,//www.mobile.bg/pcgi/mobile.cgi?act=4&adv=11677824966820820&slink=s4maga,2023-04-24,DEALER
11664808491037246,Hyundai,Sonata,BGN,32000,71000,2017,false,true,//www.mobile.bg/pcgi/mobile.cgi?act=4&adv=11664808491037246&slink=s4maga,2023-04-24,DEALER
11669810349899485,Hyundai,Sonata,BGN,55500,53000,2021,false,true,//www.mobile.bg/pcgi/mobile.cgi?act=4&adv=11669810349899485&slink=s4maga,2023-04-24,DEALER
21679689237138157,Hyundai,Tucson,BGN,7699,158000,2005,false,true,//www.mobile.bg/pcgi/mobile.cgi?act=4&adv=21679689237138157&slink=s4maga,2023-04-24,DEALER
21680610909784994,Hyundai,Tucson,BGN,9700,126777,2005,false,true,//www.mobile.bg/pcgi/mobile.cgi?act=4&adv=21680610909784994&slink=s4maga,2023-04-24,DEALER
21681135898000453,Hyundai,Tucson,BGN,36800,201000,2017,false,true,//www.mobile.bg/pcgi/mobile.cgi?act=4&adv=21681135898000453&slink=s4maga,2023-04-24,DEALER
21654373073643624,Hyundai,Tucson,BGN,46888,95000,2017,false,true,//www.mobile.bg/pcgi/mobile.cgi?act=4&adv=21654373073643624&slink=s4maga,2023-04-24,DEALER
21676958149223057,Hyundai,Tucson,BGN,46888,109000,2016,false,true,//www.mobile.bg/pcgi/mobile.cgi?act=4&adv=21676958149223057&slink=s4maga,2023-04-24,DEALER
21614684360229271,Hyundai,Tucson,BGN,82500,204,2022,false,true,//www.mobile.bg/pcgi/mobile.cgi?act=4&adv=21614684360229271&slink=s4maga,2023-04-24,DEALER
21678738310913324,Hyundai,Tucson,BGN,0,187351,2010,false,true,//www.mobile.bg/pcgi/mobile.cgi?act=4&adv=21678738310913324&slink=s4maga,2023-04-24,DEALER
21609323906659470,Hyundai,Veloster,BGN,16495,124479,2012,false,true,//www.mobile.bg/pcgi/mobile.cgi?act=4&adv=21609323906659470&slink=s4maga,2023-04-24,DEALER
21679751668726396,Infiniti,Q30,BGN,36900,45,2751,false,true,//www.mobile.bg/pcgi/mobile.cgi?act=4&adv=21679751668726396&slink=s4maga,2023-04-24,DEALER
11677157505633153,Infiniti,Q50,BGN,52000,96060,2019,false,true,//www.mobile.bg/pcgi/mobile.cgi?act=4&adv=11677157505633153&slink=s4maga,2023-04-24,DEALER
21679921823623693,Isuzu,D-max,BGN,29999,18156,2018,false,true,//www.mobile.bg/pcgi/mobile.cgi?act=4&adv=21679921823623693&slink=s4maga,2023-04-24,DEALER
21673957554121303,Isuzu,D-max,BGN,79999,15177,2021,false,true,//www.mobile.bg/pcgi/mobile.cgi?act=4&adv=21673957554121303&slink=s4maga,2023-04-24,DEALER
21673957554121303,Isuzu,D-max,BGN,79999,15177,2021,false,true,//www.mobile.bg/pcgi/mobile.cgi?act=4&adv=21673957554121303&slink=s4maga,2023-04-24,DEALER
11681218966236624,Jaguar,Xf,BGN,25490,171000,2012,false,true,//www.mobile.bg/pcgi/mobile.cgi?act=4&adv=11681218966236624&slink=s4maga,2023-04-24,DEALER
21679154799155468,Jeep,Cherokee,BGN,9999,193675,2008,false,true,//www.mobile.bg/pcgi/mobile.cgi?act=4&adv=21679154799155468&slink=s4maga,2023-04-24,DEALER
21670313990106135,Jeep,Cherokee,BGN,43900,45421,2019,false,true,//www.mobile.bg/pcgi/mobile.cgi?act=4&adv=21670313990106135&slink=s4maga,2023-04-24,DEALER
21679318864841730,Jeep,Compass,BGN,53500,61997,2020,false,true,//www.mobile.bg/pcgi/mobile.cgi?act=4&adv=21679318864841730&slink=s4maga,2023-04-24,DEALER
21670203123639363,Jeep,Grand,BGN,43900,179433,2015,false,true,//www.mobile.bg/pcgi/mobile.cgi?act=4&adv=21670203123639363&slink=s4maga,2023-04-24,DEALER
21680204042621367,Jeep,Grand,BGN,0,204000,2014,false,true,//www.mobile.bg/pcgi/mobile.cgi?act=4&adv=21680204042621367&slink=s4maga,2023-04-24,DEALER
21671133257166936,Jeep,Grand,BGN,0,174951,2004,false,true,//www.mobile.bg/pcgi/mobile.cgi?act=4&adv=21671133257166936&slink=s4maga,2023-04-24,DEALER
21679326846899269,Jeep,Wrangler,BGN,90300,21900,2020,false,true,//www.mobile.bg/pcgi/mobile.cgi?act=4&adv=21679326846899269&slink=s4maga,2023-04-24,DEALER
21657784397502631,Jeep,Wrangler,BGN,0,4,7800,false,true,//www.mobile.bg/pcgi/mobile.cgi?act=4&adv=21657784397502631&slink=s4maga,2023-04-24,DEALER
11677784827654075,Kia,Carens,BGN,0,165731,2009,false,true,//www.mobile.bg/pcgi/mobile.cgi?act=4&adv=11677784827654075&slink=s4maga,2023-04-24,DEALER
11668078295099012,Kia,Carnival,BGN,0,179531,2006,false,true,//www.mobile.bg/pcgi/mobile.cgi?act=4&adv=11668078295099012&slink=s4maga,2023-04-24,DEALER
11643305268338043,Kia,Ceed,BGN,9500,219500,2011,false,true,//www.mobile.bg/pcgi/mobile.cgi?act=4&adv=11643305268338043&slink=s4maga,2023-04-24,DEALER
11671302629286685,Kia,Ceed,BGN,13999,186000,2013,false,true,//www.mobile.bg/pcgi/mobile.cgi?act=4&adv=11671302629286685&slink=s4maga,2023-04-24,DEALER
11679516697801135,Kia,Ceed,BGN,14999,189000,2016,false,true,//www.mobile.bg/pcgi/mobile.cgi?act=4&adv=11679516697801135&slink=s4maga,2023-04-24,DEALER
11681144199855513,Kia,Ceed,BGN,16800,167000,2012,false,true,//www.mobile.bg/pcgi/mobile.cgi?act=4&adv=11681144199855513&slink=s4maga,2023-04-24,DEALER
11637245438578675,Kia,K7,BGN,37999,49000,2018,false,true,//www.mobile.bg/pcgi/mobile.cgi?act=4&adv=11637245438578675&slink=s4maga,2023-04-24,DEALER
11604150694400012,Kia,Optima,BGN,28600,31800,2017,false,true,//www.mobile.bg/pcgi/mobile.cgi?act=4&adv=11604150694400012&slink=s4maga,2023-04-24,DEALER
11675091722036178,Kia,Optima,BGN,29999,87400,2018,false,true,//www.mobile.bg/pcgi/mobile.cgi?act=4&adv=11675091722036178&slink=s4maga,2023-04-24,DEALER
11648484078978714,Kia,Optima,BGN,32700,52000,2018,false,true,//www.mobile.bg/pcgi/mobile.cgi?act=4&adv=11648484078978714&slink=s4maga,2023-04-24,DEALER
21674675346352025,Kia,Sorento,BGN,0,176351,2005,false,true,//www.mobile.bg/pcgi/mobile.cgi?act=4&adv=21674675346352025&slink=s4maga,2023-04-24,DEALER
21674675346352025,Kia,Sorento,BGN,0,176351,2005,false,true,//www.mobile.bg/pcgi/mobile.cgi?act=4&adv=21674675346352025&slink=s4maga,2023-04-24,DEALER
21675330534654193,Lada,Niva,BGN,8700,78000,2009,false,true,//www.mobile.bg/pcgi/mobile.cgi?act=4&adv=21675330534654193&slink=s4maga,2023-04-24,DEALER
11651342816072598,Lamborghini,Gallardo,EUR,148500,29000,2010,false,true,//www.mobile.bg/pcgi/mobile.cgi?act=4&adv=11651342816072598&slink=s4maga,2023-04-24,DEALER
21669302060834321,Land,Rover,BGN,88500,160000,2016,false,true,//www.mobile.bg/pcgi/mobile.cgi?act=4&adv=21669302060834321&slink=s4maga,2023-04-24,DEALER
21671718192613153,Land,Rover,BGN,29000,192000,2016,false,true,//www.mobile.bg/pcgi/mobile.cgi?act=4&adv=21671718192613153&slink=s4maga,2023-04-24,DEALER
11680511733101929,Lexus,Is,BGN,10900,129000,2003,false,true,//www.mobile.bg/pcgi/mobile.cgi?act=4&adv=11680511733101929&slink=s4maga,2023-04-24,DEALER
21680891410478533,Lexus,NX,BGN,91540,17742,2020,false,true,//www.mobile.bg/pcgi/mobile.cgi?act=4&adv=21680891410478533&slink=s4maga,2023-04-24,DEALER
21677754234155706,Lincoln,Navigator,BGN,139000,11000,2022,false,true,//www.mobile.bg/pcgi/mobile.cgi?act=4&adv=21677754234155706&slink=s4maga,2023-04-24,DEALER
21679059348331351,Maserati,Levante,BGN,108900,43800,2021,false,true,//www.mobile.bg/pcgi/mobile.cgi?act=4&adv=21679059348331351&slink=s4maga,2023-04-24,DEALER
21671455634443779,Maserati,Levante,BGN,233205,45,2022,false,true,//www.mobile.bg/pcgi/mobile.cgi?act=4&adv=21671455634443779&slink=s4maga,2023-04-24,DEALER
21662619033807684,Maserati,Levante,BGN,337000,5,2022,false,true,//www.mobile.bg/pcgi/mobile.cgi?act=4&adv=21662619033807684&slink=s4maga,2023-04-24,DEALER
11678306163779307,Mazda,3,BGN,9899,102300,2009,false,true,//www.mobile.bg/pcgi/mobile.cgi?act=4&adv=11678306163779307&slink=s4maga,2023-04-24,DEALER
11682004598277197,Mazda,3,BGN,24300,102000,2017,false,true,//www.mobile.bg/pcgi/mobile.cgi?act=4&adv=11682004598277197&slink=s4maga,2023-04-24,DEALER
11679645778547376,Mazda,323,BGN,2200,242632,1997,false,true,//www.mobile.bg/pcgi/mobile.cgi?act=4&adv=11679645778547376&slink=s4maga,2023-04-24,DEALER
11677930940491015,Mazda,6,BGN,7990,173531,2009,false,true,//www.mobile.bg/pcgi/mobile.cgi?act=4&adv=11677930940491015&slink=s4maga,2023-04-24,DEALER
11678964065477994,Mazda,6,BGN,20900,157000,2015,false,true,//www.mobile.bg/pcgi/mobile.cgi?act=4&adv=11678964065477994&slink=s4maga,2023-04-24,DEALER
11680338425558619,Mazda,6,BGN,26400,189000,2016,false,true,//www.mobile.bg/pcgi/mobile.cgi?act=4&adv=11680338425558619&slink=s4maga,2023-04-24,DEALER
21670604237413796,Mazda,CX-5,BGN,20700,45,2014,false,true,//www.mobile.bg/pcgi/mobile.cgi?act=4&adv=21670604237413796&slink=s4maga,2023-04-24,DEALER
21675663828276420,Mazda,CX-5,BGN,26888,167000,2013,false,true,//www.mobile.bg/pcgi/mobile.cgi?act=4&adv=21675663828276420&slink=s4maga,2023-04-24,DEALER
21665944773387737,Mazda,CX-5,BGN,30499,200000,2016,false,true,//www.mobile.bg/pcgi/mobile.cgi?act=4&adv=21665944773387737&slink=s4maga,2023-04-24,DEALER
21679661227326905,Mazda,CX-5,BGN,39999,154000,2018,false,true,//www.mobile.bg/pcgi/mobile.cgi?act=4&adv=21679661227326905&slink=s4maga,2023-04-24,DEALER
21679661227326905,Mazda,CX-5,BGN,39999,154000,2018,false,true,//www.mobile.bg/pcgi/mobile.cgi?act=4&adv=21679661227326905&slink=s4maga,2023-04-24,DEALER
11679302992579701,Mercedes-Benz,A,BGN,0,167000,2019,false,true,//www.mobile.bg/pcgi/mobile.cgi?act=4&adv=11679302992579701&slink=s4maga,2023-04-24,DEALER
11681482540853080,Mercedes-Benz,A,BGN,0,160000,2015,false,true,//www.mobile.bg/pcgi/mobile.cgi?act=4&adv=11681482540853080&slink=s4maga,2023-04-24,DEALER
11680521834152079,Mercedes-Benz,B,BGN,8299,202000,2008,false,true,//www.mobile.bg/pcgi/mobile.cgi?act=4&adv=11680521834152079&slink=s4maga,2023-04-24,DEALER
11677827732196113,Mercedes-Benz,B,BGN,6750,1840135,2007,false,true,//www.mobile.bg/pcgi/mobile.cgi?act=4&adv=11677827732196113&slink=s4maga,2023-04-24,DEALER
11680707686588348,Mercedes-Benz,B,BGN,10500,103000,2008,false,true,//www.mobile.bg/pcgi/mobile.cgi?act=4&adv=11680707686588348&slink=s4maga,2023-04-24,DEALER
11680419874334127,Mercedes-Benz,C,BGN,5999,184638,2006,false,true,//www.mobile.bg/pcgi/mobile.cgi?act=4&adv=11680419874334127&slink=s4maga,2023-04-24,DEALER
21493478559196970,Mercedes-Benz,C,BGN,20995,116270,2012,false,true,//www.mobile.bg/pcgi/mobile.cgi?act=4&adv=21493478559196970&slink=s4maga,2023-04-24,DEALER
11670747185351667,Mercedes-Benz,C,BGN,0,205000,2002,false,true,//www.mobile.bg/pcgi/mobile.cgi?act=4&adv=11670747185351667&slink=s4maga,2023-04-24,DEALER
11680546175502969,Mercedes-Benz,C,BGN,0,197667,2009,false,true,//www.mobile.bg/pcgi/mobile.cgi?act=4&adv=11680546175502969&slink=s4maga,2023-04-24,DEALER
11655122392652024,Mercedes-Benz,C,BGN,4995,165029,1997,false,true,//www.mobile.bg/pcgi/mobile.cgi?act=4&adv=11655122392652024&slink=s4maga,2023-04-24,DEALER
11680403397442330,Mercedes-Benz,C,BGN,18800,236812,2009,false,true,//www.mobile.bg/pcgi/mobile.cgi?act=4&adv=11680403397442330&slink=s4maga,2023-04-24,DEALER
11671481719936874,Mercedes-Benz,C,BGN,34999,201300,2015,false,true,//www.mobile.bg/pcgi/mobile.cgi?act=4&adv=11671481719936874&slink=s4maga,2023-04-24,DEALER
11679240604076603,Mercedes-Benz,C,BGN,36500,136000,2018,false,true,//www.mobile.bg/pcgi/mobile.cgi?act=4&adv=11679240604076603&slink=s4maga,2023-04-24,DEALER
11680955777806533,Mercedes-Benz,C,BGN,42600,149500,2015,false,true,//www.mobile.bg/pcgi/mobile.cgi?act=4&adv=11680955777806533&slink=s4maga,2023-04-24,DEALER
11678885538964938,Mercedes-Benz,C,BGN,44550,220000,2017,false,true,//www.mobile.bg/pcgi/mobile.cgi?act=4&adv=11678885538964938&slink=s4maga,2023-04-24,DEALER
11680896444572598,Mercedes-Benz,C,BGN,3900,213808,2005,false,true,//www.mobile.bg/pcgi/mobile.cgi?act=4&adv=11680896444572598&slink=s4maga,2023-04-24,DEALER
11672173838654175,Mercedes-Benz,C,BGN,14999,177300,2009,false,true,//www.mobile.bg/pcgi/mobile.cgi?act=4&adv=11672173838654175&slink=s4maga,2023-04-24,DEALER
11680207170530202,Mercedes-Benz,CLK,BGN,6900,205283,2004,false,true,//www.mobile.bg/pcgi/mobile.cgi?act=4&adv=11680207170530202&slink=s4maga,2023-04-24,DEALER
11669842155471842,Mercedes-Benz,CLS,BGN,34999,213000,2015,false,true,//www.mobile.bg/pcgi/mobile.cgi?act=4&adv=11669842155471842&slink=s4maga,2023-04-24,DEALER
11680957037865369,Mercedes-Benz,CLS,BGN,35888,270000,2012,false,true,//www.mobile.bg/pcgi/mobile.cgi?act=4&adv=11680957037865369&slink=s4maga,2023-04-24,DEALER
11680957037865369,Mercedes-Benz,CLS,BGN,35888,270000,2012,false,true,//www.mobile.bg/pcgi/mobile.cgi?act=4&adv=11680957037865369&slink=s4maga,2023-04-24,DEALER
11659864838649994,Mercedes-Benz,CLS,BGN,43888,228000,2012,false,true,//www.mobile.bg/pcgi/mobile.cgi?act=4&adv=11659864838649994&slink=s4maga,2023-04-24,DEALER
11679603440671076,Mercedes-Benz,E,BGN,11999,251300,2008,false,true,//www.mobile.bg/pcgi/mobile.cgi?act=4&adv=11679603440671076&slink=s4maga,2023-04-24,DEALER
11678990872474106,Mercedes-Benz,E,BGN,28888,178000,2015,false,true,//www.mobile.bg/pcgi/mobile.cgi?act=4&adv=11678990872474106&slink=s4maga,2023-04-24,DEALER
11678367751914451,Mercedes-Benz,E,BGN,31888,177850,2013,false,true,//www.mobile.bg/pcgi/mobile.cgi?act=4&adv=11678367751914451&slink=s4maga,2023-04-24,DEALER
11652890747593773,Mercedes-Benz,E,BGN,0,167000,2017,false,true,//www.mobile.bg/pcgi/mobile.cgi?act=4&adv=11652890747593773&slink=s4maga,2023-04-24,DEALER
11669311142132522,Mercedes-Benz,E,BGN,0,179400,2016,false,true,//www.mobile.bg/pcgi/mobile.cgi?act=4&adv=11669311142132522&slink=s4maga,2023-04-24,DEALER
11676097921785608,Mercedes-Benz,E,BGN,0,144000,2016,false,true,//www.mobile.bg/pcgi/mobile.cgi?act=4&adv=11676097921785608&slink=s4maga,2023-04-24,DEALER
11676617997209787,Mercedes-Benz,E,BGN,9350,201000,2004,false,true,//www.mobile.bg/pcgi/mobile.cgi?act=4&adv=11676617997209787&slink=s4maga,2023-04-24,DEALER
11679508774489823,Mercedes-Benz,E,BGN,12999,202000,2008,false,true,//www.mobile.bg/pcgi/mobile.cgi?act=4&adv=11679508774489823&slink=s4maga,2023-04-24,DEALER
11678718140789539,Mercedes-Benz,E,BGN,10500,180000,2006,false,true,//www.mobile.bg/pcgi/mobile.cgi?act=4&adv=11678718140789539&slink=s4maga,2023-04-24,DEALER
11677518800136681,Mercedes-Benz,E,BGN,10600,198000,2007,false,true,//www.mobile.bg/pcgi/mobile.cgi?act=4&adv=11677518800136681&slink=s4maga,2023-04-24,DEALER
11677513825604454,Mercedes-Benz,E,BGN,12400,366000,2006,false,true,//www.mobile.bg/pcgi/mobile.cgi?act=4&adv=11677513825604454&slink=s4maga,2023-04-24,DEALER
11670952941641269,Mercedes-Benz,E,BGN,24499,248000,2011,false,true,//www.mobile.bg/pcgi/mobile.cgi?act=4&adv=11670952941641269&slink=s4maga,2023-04-24,DEALER
11666677772718298,Mercedes-Benz,E,BGN,32888,170000,2012,false,true,//www.mobile.bg/pcgi/mobile.cgi?act=4&adv=11666677772718298&slink=s4maga,2023-04-24,DEALER
11653120011400248,Mercedes-Benz,E,BGN,88888,30000,2018,false,true,//www.mobile.bg/pcgi/mobile.cgi?act=4&adv=11653120011400248&slink=s4maga,2023-04-24,DEALER
11668105902460239,Mercedes-Benz,E,BGN,0,204800,2017,false,true,//www.mobile.bg/pcgi/mobile.cgi?act=4&adv=11668105902460239&slink=s4maga,2023-04-24,DEALER
21662992893544642,Mercedes-Benz,G,BGN,0,58900,2019,false,true,//www.mobile.bg/pcgi/mobile.cgi?act=4&adv=21662992893544642&slink=s4maga,2023-04-24,DEALER
21671179824139578,Mercedes-Benz,GL,BGN,68888,198888,2015,false,true,//www.mobile.bg/pcgi/mobile.cgi?act=4&adv=21671179824139578&slink=s4maga,2023-04-24,DEALER
21680877171850952,Mercedes-Benz,GL,BGN,0,208000,2014,false,true,//www.mobile.bg/pcgi/mobile.cgi?act=4&adv=21680877171850952&slink=s4maga,2023-04-24,DEALER
11674047367270892,Mercedes-Benz,GLA,BGN,37600,174600,2018,false,true,//www.mobile.bg/pcgi/mobile.cgi?act=4&adv=11674047367270892&slink=s4maga,2023-04-24,DEALER
11674047367270892,Mercedes-Benz,GLA,BGN,37600,174600,2018,false,true,//www.mobile.bg/pcgi/mobile.cgi?act=4&adv=11674047367270892&slink=s4maga,2023-04-24,DEALER
21679830785282437,Mercedes-Benz,GLA,BGN,0,244000,2015,false,true,//www.mobile.bg/pcgi/mobile.cgi?act=4&adv=21679830785282437&slink=s4maga,2023-04-24,DEALER
21681227499149785,Mercedes-Benz,GLE,BGN,35000,76826,2017,false,true,//www.mobile.bg/pcgi/mobile.cgi?act=4&adv=21681227499149785&slink=s4maga,2023-04-24,DEALER
21677506690192842,Mercedes-Benz,GLK,BGN,25499,197300,2010,false,true,//www.mobile.bg/pcgi/mobile.cgi?act=4&adv=21677506690192842&slink=s4maga,2023-04-24,DEALER
21678727422085354,Mercedes-Benz,GLS,BGN,98800,114000,2016,false,true,//www.mobile.bg/pcgi/mobile.cgi?act=4&adv=21678727422085354&slink=s4maga,2023-04-24,DEALER
21678729953050829,Mercedes-Benz,ML,BGN,13500,194000,2007,false,true,//www.mobile.bg/pcgi/mobile.cgi?act=4&adv=21678729953050829&slink=s4maga,2023-04-24,DEALER
21679387284379812,Mercedes-Benz,ML,BGN,25600,200000,2011,false,true,//www.mobile.bg/pcgi/mobile.cgi?act=4&adv=21679387284379812&slink=s4maga,2023-04-24,DEALER
21679950359593860,Mercedes-Benz,ML,BGN,36880,189393,2012,false,true,//www.mobile.bg/pcgi/mobile.cgi?act=4&adv=21679950359593860&slink=s4maga,2023-04-24,DEALER
21673529265864857,Mercedes-Benz,ML,BGN,43999,190000,2014,false,true,//www.mobile.bg/pcgi/mobile.cgi?act=4&adv=21673529265864857&slink=s4maga,2023-04-24,DEALER
21676712755670302,Mercedes-Benz,ML,BGN,48777,178442,2014,false,true,//www.mobile.bg/pcgi/mobile.cgi?act=4&adv=21676712755670302&slink=s4maga,2023-04-24,DEALER
21680868720903371,Mercedes-Benz,ML,BGN,50700,174396,2013,false,true,//www.mobile.bg/pcgi/mobile.cgi?act=4&adv=21680868720903371&slink=s4maga,2023-04-24,DEALER
21668715619082649,Mercedes-Benz,ML,BGN,58888,178000,2012,false,true,//www.mobile.bg/pcgi/mobile.cgi?act=4&adv=21668715619082649&slink=s4maga,2023-04-24,DEALER
21668661286927216,Mercedes-Benz,ML,BGN,62888,158000,2013,false,true,//www.mobile.bg/pcgi/mobile.cgi?act=4&adv=21668661286927216&slink=s4maga,2023-04-24,DEALER
21668716252764730,Mercedes-Benz,ML,BGN,61888,98000,2013,false,true,//www.mobile.bg/pcgi/mobile.cgi?act=4&adv=21668716252764730&slink=s4maga,2023-04-24,DEALER
11671832706140420,Mercedes-Benz,S,BGN,24999,218300,2008,false,true,//www.mobile.bg/pcgi/mobile.cgi?act=4&adv=11671832706140420&slink=s4maga,2023-04-24,DEALER
11664825759720673,Mercedes-Benz,S,BGN,99888,239000,2017,false,true,//www.mobile.bg/pcgi/mobile.cgi?act=4&adv=11664825759720673&slink=s4maga,2023-04-24,DEALER
11677096087504027,Mercedes-Benz,SLK,EUR,15998,69071,2011,false,true,//www.mobile.bg/pcgi/mobile.cgi?act=4&adv=11677096087504027&slink=s4maga,2023-04-24,DEALER
11521544220620108,Mitsubishi,Eclipse,BGN,13999,83000,2007,false,true,//www.mobile.bg/pcgi/mobile.cgi?act=4&adv=11521544220620108&slink=s4maga,2023-04-24,DEALER
21681215053787975,Mitsubishi,Eclipse,BGN,86500,4,45,false,true,//www.mobile.bg/pcgi/mobile.cgi?act=4&adv=21681215053787975&slink=s4maga,2023-04-24,DEALER
11680878053961079,Mitsubishi,Grandis,BGN,11999,120000,2010,false,true,//www.mobile.bg/pcgi/mobile.cgi?act=4&adv=11680878053961079&slink=s4maga,2023-04-24,DEALER
21678534599427682,Mitsubishi,Outlander,BGN,49999,34000,2020,false,true,//www.mobile.bg/pcgi/mobile.cgi?act=4&adv=21678534599427682&slink=s4maga,2023-04-24,DEALER
21678534599427682,Mitsubishi,Outlander,BGN,49999,34000,2020,false,true,//www.mobile.bg/pcgi/mobile.cgi?act=4&adv=21678534599427682&slink=s4maga,2023-04-24,DEALER
21679381032823689,Mitsubishi,Outlander,BGN,0,58000,2019,false,true,//www.mobile.bg/pcgi/mobile.cgi?act=4&adv=21679381032823689&slink=s4maga,2023-04-24,DEALER
11632328555223798,Mitsubishi,Space,BGN,16999,43000,2020,false,true,//www.mobile.bg/pcgi/mobile.cgi?act=4&adv=11632328555223798&slink=s4maga,2023-04-24,DEALER
11680936879974833,Nissan,Almera,BGN,2200,227487,2003,false,true,//www.mobile.bg/pcgi/mobile.cgi?act=4&adv=11680936879974833&slink=s4maga,2023-04-24,DEALER
21676441772719825,Nissan,Juke,BGN,14989,150072,2012,false,true,//www.mobile.bg/pcgi/mobile.cgi?act=4&adv=21676441772719825&slink=s4maga,2023-04-24,DEALER
21680718601756344,Nissan,Juke,BGN,16400,190000,2014,false,true,//www.mobile.bg/pcgi/mobile.cgi?act=4&adv=21680718601756344&slink=s4maga,2023-04-24,DEALER
11532450592913428,Nissan,Juke,BGN,16890,159000,2013,false,true,//www.mobile.bg/pcgi/mobile.cgi?act=4&adv=11532450592913428&slink=s4maga,2023-04-24,DEALER
21641479627301855,Nissan,Navara,BGN,93500,10,2021,false,true,//www.mobile.bg/pcgi/mobile.cgi?act=4&adv=21641479627301855&slink=s4maga,2023-04-24,DEALER
21678390858808980,Nissan,Qashqai,BGN,13300,178000,2012,false,true,//www.mobile.bg/pcgi/mobile.cgi?act=4&adv=21678390858808980&slink=s4maga,2023-04-24,DEALER
21681566006712584,Nissan,Qashqai,BGN,13999,190000,2011,false,true,//www.mobile.bg/pcgi/mobile.cgi?act=4&adv=21681566006712584&slink=s4maga,2023-04-24,DEALER
21681631180089145,Nissan,Qashqai,BGN,14300,165000,2010,false,true,//www.mobile.bg/pcgi/mobile.cgi?act=4&adv=21681631180089145&slink=s4maga,2023-04-24,DEALER
21667733227092737,Nissan,Qashqai,BGN,14900,199545,2010,false,true,//www.mobile.bg/pcgi/mobile.cgi?act=4&adv=21667733227092737&slink=s4maga,2023-04-24,DEALER
21675361270787253,Nissan,Qashqai,BGN,15850,186000,2012,false,true,//www.mobile.bg/pcgi/mobile.cgi?act=4&adv=21675361270787253&slink=s4maga,2023-04-24,DEALER
21679762602237242,Nissan,Qashqai,BGN,16300,190000,2013,false,true,//www.mobile.bg/pcgi/mobile.cgi?act=4&adv=21679762602237242&slink=s4maga,2023-04-24,DEALER
21679327147074123,Nissan,Qashqai,BGN,41900,40597,2020,false,true,//www.mobile.bg/pcgi/mobile.cgi?act=4&adv=21679327147074123&slink=s4maga,2023-04-24,DEALER
21680635347163565,Nissan,X-trail,BGN,39900,46000,2017,false,true,//www.mobile.bg/pcgi/mobile.cgi?act=4&adv=21680635347163565&slink=s4maga,2023-04-24,DEALER
21679104897619775,Opel,Antara,BGN,8901,172035,2009,false,true,//www.mobile.bg/pcgi/mobile.cgi?act=4&adv=21679104897619775&slink=s4maga,2023-04-24,DEALER
21679228202879840,Opel,Antara,BGN,10799,212491,2008,false,true,//www.mobile.bg/pcgi/mobile.cgi?act=4&adv=21679228202879840&slink=s4maga,2023-04-24,DEALER
11681835235654502,Opel,Astra,BGN,4699,204000,2005,false,true,//www.mobile.bg/pcgi/mobile.cgi?act=4&adv=11681835235654502&slink=s4maga,2023-04-24,DEALER
11677317521288462,Opel,Astra,BGN,5500,165000,2005,false,true,//www.mobile.bg/pcgi/mobile.cgi?act=4&adv=11677317521288462&slink=s4maga,2023-04-24,DEALER
11671890581443300,Opel,Astra,BGN,5699,156500,2006,false,true,//www.mobile.bg/pcgi/mobile.cgi?act=4&adv=11671890581443300&slink=s4maga,2023-04-24,DEALER
11671890581443300,Opel,Astra,BGN,5699,156500,2006,false,true,//www.mobile.bg/pcgi/mobile.cgi?act=4&adv=11671890581443300&slink=s4maga,2023-04-24,DEALER
11678798665949951,Opel,Astra,BGN,26900,58000,2019,false,true,//www.mobile.bg/pcgi/mobile.cgi?act=4&adv=11678798665949951&slink=s4maga,2023-04-24,DEALER
11674580892997061,Opel,Astra,BGN,0,167951,2006,false,true,//www.mobile.bg/pcgi/mobile.cgi?act=4&adv=11674580892997061&slink=s4maga,2023-04-24,DEALER
11676468668500657,Opel,Combo,BGN,13999,162591,2012,false,true,//www.mobile.bg/pcgi/mobile.cgi?act=4&adv=11676468668500657&slink=s4maga,2023-04-24,DEALER
11679992246801574,Opel,Corsa,BGN,15900,96000,2018,false,true,//www.mobile.bg/pcgi/mobile.cgi?act=4&adv=11679992246801574&slink=s4maga,2023-04-24,DEALER
11677245232245175,Opel,Corsa,BGN,18300,21180,2017,false,true,//www.mobile.bg/pcgi/mobile.cgi?act=4&adv=11677245232245175&slink=s4maga,2023-04-24,DEALER
11680329308729280,Opel,Corsa,BGN,0,182291,2008,false,true,//www.mobile.bg/pcgi/mobile.cgi?act=4&adv=11680329308729280&slink=s4maga,2023-04-24,DEALER
11677513019965642,Opel,Meriva,BGN,11800,118000,2011,false,true,//www.mobile.bg/pcgi/mobile.cgi?act=4&adv=11677513019965642&slink=s4maga,2023-04-24,DEALER
11678092787949488,Opel,Vectra,BGN,6890,182570,2007,false,true,//www.mobile.bg/pcgi/mobile.cgi?act=4&adv=11678092787949488&slink=s4maga,2023-04-24,DEALER
11682173567385426,Opel,Zafira,BGN,7200,183409,2008,false,true,//www.mobile.bg/pcgi/mobile.cgi?act=4&adv=11682173567385426&slink=s4maga,2023-04-24,DEALER
11680798742881707,Opel,Zafira,BGN,12800,186543,2013,false,true,//www.mobile.bg/pcgi/mobile.cgi?act=4&adv=11680798742881707&slink=s4maga,2023-04-24,DEALER
11680788831116107,Opel,Zafira,BGN,14500,191000,2015,false,true,//www.mobile.bg/pcgi/mobile.cgi?act=4&adv=11680788831116107&slink=s4maga,2023-04-24,DEALER
11668934610763742,Opel,Zafira,BGN,0,147993,2012,false,true,//www.mobile.bg/pcgi/mobile.cgi?act=4&adv=11668934610763742&slink=s4maga,2023-04-24,DEALER
11676020562926508,Peugeot,108,BGN,14999,114175,2018,false,true,//www.mobile.bg/pcgi/mobile.cgi?act=4&adv=11676020562926508&slink=s4maga,2023-04-24,DEALER
11680866523259913,Peugeot,2008,BGN,38990,56104,2019,false,true,//www.mobile.bg/pcgi/mobile.cgi?act=4&adv=11680866523259913&slink=s4maga,2023-04-24,DEALER
11676453023904162,Peugeot,2008,BGN,0,69000,2018,false,true,//www.mobile.bg/pcgi/mobile.cgi?act=4&adv=11676453023904162&slink=s4maga,2023-04-24,DEALER
11509546415043417,Peugeot,207,BGN,6900,176000,2008,false,true,//www.mobile.bg/pcgi/mobile.cgi?act=4&adv=11509546415043417&slink=s4maga,2023-04-24,DEALER
11678603805557603,Peugeot,208,BGN,0,117935,2017,false,true,//www.mobile.bg/pcgi/mobile.cgi?act=4&adv=11678603805557603&slink=s4maga,2023-04-24,DEALER
11674903054193075,Peugeot,301,BGN,20900,118611,2018,false,true,//www.mobile.bg/pcgi/mobile.cgi?act=4&adv=11674903054193075&slink=s4maga,2023-04-24,DEALER
11674903553387542,Peugeot,301,BGN,20900,114284,2019,false,true,//www.mobile.bg/pcgi/mobile.cgi?act=4&adv=11674903553387542&slink=s4maga,2023-04-24,DEALER
11679473797649529,Peugeot,308,BGN,25999,146306,2019,false,true,//www.mobile.bg/pcgi/mobile.cgi?act=4&adv=11679473797649529&slink=s4maga,2023-04-24,DEALER
11679473797649529,Peugeot,308,BGN,25999,146306,2019,false,true,//www.mobile.bg/pcgi/mobile.cgi?act=4&adv=11679473797649529&slink=s4maga,2023-04-24,DEALER
11661762169862879,Peugeot,308,BGN,54900,2000,2022,false,true,//www.mobile.bg/pcgi/mobile.cgi?act=4&adv=11661762169862879&slink=s4maga,2023-04-24,DEALER
11674197661473998,Peugeot,5008,BGN,12499,224000,2011,false,true,//www.mobile.bg/pcgi/mobile.cgi?act=4&adv=11674197661473998&slink=s4maga,2023-04-24,DEALER
11680093855916965,Peugeot,5008,BGN,43700,168999,2017,false,true,//www.mobile.bg/pcgi/mobile.cgi?act=4&adv=11680093855916965&slink=s4maga,2023-04-24,DEALER
11673531536937589,Peugeot,508,BGN,9999,183000,2011,false,true,//www.mobile.bg/pcgi/mobile.cgi?act=4&adv=11673531536937589&slink=s4maga,2023-04-24,DEALER
11671193947360685,Peugeot,508,BGN,36555,98777,2020,false,true,//www.mobile.bg/pcgi/mobile.cgi?act=4&adv=11671193947360685&slink=s4maga,2023-04-24,DEALER
11671816861576637,Peugeot,807,BGN,9900,162000,2010,false,true,//www.mobile.bg/pcgi/mobile.cgi?act=4&adv=11671816861576637&slink=s4maga,2023-04-24,DEALER
11677568087456393,Peugeot,Expert,BGN,5390,257000,2006,false,true,//www.mobile.bg/pcgi/mobile.cgi?act=4&adv=11677568087456393&slink=s4maga,2023-04-24,DEALER
21673285980505657,Porsche,Cayenne,BGN,41999,217300,2011,false,true,//www.mobile.bg/pcgi/mobile.cgi?act=4&adv=21673285980505657&slink=s4maga,2023-04-24,DEALER
21675353751463735,Porsche,Cayenne,BGN,95000,92000,2016,false,true,//www.mobile.bg/pcgi/mobile.cgi?act=4&adv=21675353751463735&slink=s4maga,2023-04-24,DEALER
11522839337623787,Renault,Clio,BGN,5600,101000,2008,false,true,//www.mobile.bg/pcgi/mobile.cgi?act=4&adv=11522839337623787&slink=s4maga,2023-04-24,DEALER
11681822402921426,Renault,Clio,BGN,11900,177274,2017,false,true,//www.mobile.bg/pcgi/mobile.cgi?act=4&adv=11681822402921426&slink=s4maga,2023-04-24,DEALER
11677766991186008,Renault,Clio,BGN,12500,167535,2017,false,true,//www.mobile.bg/pcgi/mobile.cgi?act=4&adv=11677766991186008&slink=s4maga,2023-04-24,DEALER
11680245216232558,Renault,Clio,BGN,15900,98012,2017,false,true,//www.mobile.bg/pcgi/mobile.cgi?act=4&adv=11680245216232558&slink=s4maga,2023-04-24,DEALER
11677159632544969,Renault,Fluence,BGN,10500,145733,2015,false,true,//www.mobile.bg/pcgi/mobile.cgi?act=4&adv=11677159632544969&slink=s4maga,2023-04-24,DEALER
21681128792471001,Renault,Kadjar,BGN,35980,79350,2019,false,true,//www.mobile.bg/pcgi/mobile.cgi?act=4&adv=21681128792471001&slink=s4maga,2023-04-24,DEALER
11679575814010213,Renault,Megane,BGN,22500,105983,2017,false,true,//www.mobile.bg/pcgi/mobile.cgi?act=4&adv=11679575814010213&slink=s4maga,2023-04-24,DEALER
11678181189419633,Renault,Talisman,BGN,37900,121600,2017,false,true,//www.mobile.bg/pcgi/mobile.cgi?act=4&adv=11678181189419633&slink=s4maga,2023-04-24,DEALER
11677760807281284,Renault,Talisman,BGN,38900,99079,2019,false,true,//www.mobile.bg/pcgi/mobile.cgi?act=4&adv=11677760807281284&slink=s4maga,2023-04-24,DEALER
11604932153333675,Rolls-Royce,Wraith,BGN,800000,80,2020,false,true,//www.mobile.bg/pcgi/mobile.cgi?act=4&adv=11604932153333675&slink=s4maga,2023-04-24,DEALER
11681540065629208,Saab,9-3,BGN,0,166654,2010,false,true,//www.mobile.bg/pcgi/mobile.cgi?act=4&adv=11681540065629208&slink=s4maga,2023-04-24,DEALER
11681540065629208,Saab,9-3,BGN,0,166654,2010,false,true,//www.mobile.bg/pcgi/mobile.cgi?act=4&adv=11681540065629208&slink=s4maga,2023-04-24,DEALER
11675784510935309,Seat,Leon,BGN,23990,148000,2019,false,true,//www.mobile.bg/pcgi/mobile.cgi?act=4&adv=11675784510935309&slink=s4maga,2023-04-24,DEALER
11669811994561407,Skoda,Fabia,BGN,4500,187000,2003,false,true,//www.mobile.bg/pcgi/mobile.cgi?act=4&adv=11669811994561407&slink=s4maga,2023-04-24,DEALER
21676968767089647,Skoda,Kodiaq,BGN,43900,189800,2017,false,true,//www.mobile.bg/pcgi/mobile.cgi?act=4&adv=21676968767089647&slink=s4maga,2023-04-24,DEALER
11681494989455774,Skoda,Octavia,BGN,11899,175390,2009,false,true,//www.mobile.bg/pcgi/mobile.cgi?act=4&adv=11681494989455774&slink=s4maga,2023-04-24,DEALER
11680701384454968,Skoda,Octavia,BGN,27900,112000,2019,false,true,//www.mobile.bg/pcgi/mobile.cgi?act=4&adv=11680701384454968&slink=s4maga,2023-04-24,DEALER
11680853337490131,Skoda,Octavia,BGN,28600,91000,2019,false,true,//www.mobile.bg/pcgi/mobile.cgi?act=4&adv=11680853337490131&slink=s4maga,2023-04-24,DEALER
11681982902769204,Skoda,Roomster,BGN,8600,187000,2009,false,true,//www.mobile.bg/pcgi/mobile.cgi?act=4&adv=11681982902769204&slink=s4maga,2023-04-24,DEALER
11479481919014410,Skoda,Roomster,BGN,10300,100000,2011,false,true,//www.mobile.bg/pcgi/mobile.cgi?act=4&adv=11479481919014410&slink=s4maga,2023-04-24,DEALER
11676142460119044,Skoda,Roomster,BGN,10599,172052,2011,false,true,//www.mobile.bg/pcgi/mobile.cgi?act=4&adv=11676142460119044&slink=s4maga,2023-04-24,DEALER
11678823452610740,Skoda,Superb,BGN,37900,178731,2017,false,true,//www.mobile.bg/pcgi/mobile.cgi?act=4&adv=11678823452610740&slink=s4maga,2023-04-24,DEALER
11669808675143435,Skoda,Superb,BGN,46990,143276,2018,false,true,//www.mobile.bg/pcgi/mobile.cgi?act=4&adv=11669808675143435&slink=s4maga,2023-04-24,DEALER
11673546180842859,Skoda,Superb,BGN,59800,76000,2019,false,true,//www.mobile.bg/pcgi/mobile.cgi?act=4&adv=11673546180842859&slink=s4maga,2023-04-24,DEALER
21675256944532098,Skoda,Yeti,BGN,14799,185000,2011,false,true,//www.mobile.bg/pcgi/mobile.cgi?act=4&adv=21675256944532098&slink=s4maga,2023-04-24,DEALER
11678795870644069,Smart,Forfour,BGN,13995,87478,2016,false,true,//www.mobile.bg/pcgi/mobile.cgi?act=4&adv=11678795870644069&slink=s4maga,2023-04-24,DEALER
21668933102195720,SsangYong,Actyon,BGN,0,147351,2009,false,true,//www.mobile.bg/pcgi/mobile.cgi?act=4&adv=21668933102195720&slink=s4maga,2023-04-24,DEALER
21676112146632036,SsangYong,Rexton,BGN,5599,190686,2006,false,true,//www.mobile.bg/pcgi/mobile.cgi?act=4&adv=21676112146632036&slink=s4maga,2023-04-24,DEALER
11577090797098444,SsangYong,Rexton,BGN,8995,147907,2007,false,true,//www.mobile.bg/pcgi/mobile.cgi?act=4&adv=11577090797098444&slink=s4maga,2023-04-24,DEALER
11674588126609383,Subaru,Forester,BGN,10399,220030,2008,false,true,//www.mobile.bg/pcgi/mobile.cgi?act=4&adv=11674588126609383&slink=s4maga,2023-04-24,DEALER
11679250626737515,Subaru,Forester,BGN,18499,157000,2010,false,true,//www.mobile.bg/pcgi/mobile.cgi?act=4&adv=11679250626737515&slink=s4maga,2023-04-24,DEALER
11669934555852603,Subaru,XV,BGN,19300,200000,2012,false,true,//www.mobile.bg/pcgi/mobile.cgi?act=4&adv=11669934555852603&slink=s4maga,2023-04-24,DEALER
11669934555852603,Subaru,XV,BGN,19300,200000,2012,false,true,//www.mobile.bg/pcgi/mobile.cgi?act=4&adv=11669934555852603&slink=s4maga,2023-04-24,DEALER
11681986187891893,Suzuki,SX4,BGN,13499,197085,2012,false,true,//www.mobile.bg/pcgi/mobile.cgi?act=4&adv=11681986187891893&slink=s4maga,2023-04-24,DEALER
11667939676135970,Toyota,Auris,BGN,10200,139000,2007,false,true,//www.mobile.bg/pcgi/mobile.cgi?act=4&adv=11667939676135970&slink=s4maga,2023-04-24,DEALER
11672344801619198,Toyota,Auris,BGN,17990,188000,2013,false,true,//www.mobile.bg/pcgi/mobile.cgi?act=4&adv=11672344801619198&slink=s4maga,2023-04-24,DEALER
11675007798538564,Toyota,Auris,BGN,19999,230445,2015,false,true,//www.mobile.bg/pcgi/mobile.cgi?act=4&adv=11675007798538564&slink=s4maga,2023-04-24,DEALER
11646684639352771,Toyota,Auris,BGN,22333,100900,2014,false,true,//www.mobile.bg/pcgi/mobile.cgi?act=4&adv=11646684639352771&slink=s4maga,2023-04-24,DEALER
11675093139308664,Toyota,Avensis,BGN,5790,260000,2006,false,true,//www.mobile.bg/pcgi/mobile.cgi?act=4&adv=11675093139308664&slink=s4maga,2023-04-24,DEALER
11660394674762445,Toyota,Avensis,BGN,9999,198000,2007,false,true,//www.mobile.bg/pcgi/mobile.cgi?act=4&adv=11660394674762445&slink=s4maga,2023-04-24,DEALER
11675529119338172,Toyota,Avensis,BGN,10999,178000,2010,false,true,//www.mobile.bg/pcgi/mobile.cgi?act=4&adv=11675529119338172&slink=s4maga,2023-04-24,DEALER
11681623408117753,Toyota,Avensis,BGN,16950,166800,2011,false,true,//www.mobile.bg/pcgi/mobile.cgi?act=4&adv=11681623408117753&slink=s4maga,2023-04-24,DEALER
11667988784466517,Toyota,C-HR,BGN,47999,654231,2016,false,true,//www.mobile.bg/pcgi/mobile.cgi?act=4&adv=11667988784466517&slink=s4maga,2023-04-24,DEALER
21667988724820510,Toyota,C-HR,BGN,49650,876453,2016,false,true,//www.mobile.bg/pcgi/mobile.cgi?act=4&adv=21667988724820510&slink=s4maga,2023-04-24,DEALER
11667989076295063,Toyota,C-HR,BGN,49780,879210,2016,false,true,//www.mobile.bg/pcgi/mobile.cgi?act=4&adv=11667989076295063&slink=s4maga,2023-04-24,DEALER
11677858265292909,Toyota,Corolla,BGN,7699,187000,2005,false,true,//www.mobile.bg/pcgi/mobile.cgi?act=4&adv=11677858265292909&slink=s4maga,2023-04-24,DEALER
11680358633363787,Toyota,Corolla,BGN,25500,77000,2015,false,true,//www.mobile.bg/pcgi/mobile.cgi?act=4&adv=11680358633363787&slink=s4maga,2023-04-24,DEALER
11679047070139579,Toyota,Corolla,BGN,39990,21000,2022,false,true,//www.mobile.bg/pcgi/mobile.cgi?act=4&adv=11679047070139579&slink=s4maga,2023-04-24,DEALER
11677315190738485,Toyota,Corolla,BGN,42980,29858,2019,false,true,//www.mobile.bg/pcgi/mobile.cgi?act=4&adv=11677315190738485&slink=s4maga,2023-04-24,DEALER
11674745557003968,Toyota,Corolla,BGN,7800,234000,2008,false,true,//www.mobile.bg/pcgi/mobile.cgi?act=4&adv=11674745557003968&slink=s4maga,2023-04-24,DEALER
11681490287649911,Toyota,Corolla,BGN,8850,179380,2008,false,true,//www.mobile.bg/pcgi/mobile.cgi?act=4&adv=11681490287649911&slink=s4maga,2023-04-24,DEALER
21679683095107297,Toyota,Highlander,BGN,133500,14092,2022,false,true,//www.mobile.bg/pcgi/mobile.cgi?act=4&adv=21679683095107297&slink=s4maga,2023-04-24,DEALER
21669628883193663,Toyota,Hilux,BGN,26990,175592,2011,false,true,//www.mobile.bg/pcgi/mobile.cgi?act=4&adv=21669628883193663&slink=s4maga,2023-04-24,DEALER
21669628883193663,Toyota,Hilux,BGN,26990,175592,2011,false,true,//www.mobile.bg/pcgi/mobile.cgi?act=4&adv=21669628883193663&slink=s4maga,2023-04-24,DEALER
11614602803212555,Toyota,Hilux,BGN,43995,146908,2016,false,true,//www.mobile.bg/pcgi/mobile.cgi?act=4&adv=11614602803212555&slink=s4maga,2023-04-24,DEALER
21677946165416001,Toyota,Rav4,BGN,13600,210411,2007,false,true,//www.mobile.bg/pcgi/mobile.cgi?act=4&adv=21677946165416001&slink=s4maga,2023-04-24,DEALER
21680981994383718,Toyota,Rav4,BGN,18499,162823,2008,false,true,//www.mobile.bg/pcgi/mobile.cgi?act=4&adv=21680981994383718&slink=s4maga,2023-04-24,DEALER
21670059196217918,Toyota,Rav4,BGN,31999,169000,2015,false,true,//www.mobile.bg/pcgi/mobile.cgi?act=4&adv=21670059196217918&slink=s4maga,2023-04-24,DEALER
21658962045596068,Toyota,Sequoia,BGN,37500,251560,2008,false,true,//www.mobile.bg/pcgi/mobile.cgi?act=4&adv=21658962045596068&slink=s4maga,2023-04-24,DEALER
21681568318516435,Toyota,Tundra,BGN,75000,160000,2019,false,true,//www.mobile.bg/pcgi/mobile.cgi?act=4&adv=21681568318516435&slink=s4maga,2023-04-24,DEALER
21669474729267283,Toyota,Urban,BGN,12599,178000,2009,false,true,//www.mobile.bg/pcgi/mobile.cgi?act=4&adv=21669474729267283&slink=s4maga,2023-04-24,DEALER
11678896754055417,Toyota,Yaris,BGN,4900,164000,2004,false,true,//www.mobile.bg/pcgi/mobile.cgi?act=4&adv=11678896754055417&slink=s4maga,2023-04-24,DEALER
11678897205099762,Volvo,V50,BGN,6900,190000,2006,false,true,//www.mobile.bg/pcgi/mobile.cgi?act=4&adv=11678897205099762&slink=s4maga,2023-04-24,DEALER
11679844238093303,Volvo,V50,BGN,7590,196670,2007,false,true,//www.mobile.bg/pcgi/mobile.cgi?act=4&adv=11679844238093303&slink=s4maga,2023-04-24,DEALER
11670520045579946,Volvo,V50,BGN,0,212000,2010,false,true,//www.mobile.bg/pcgi/mobile.cgi?act=4&adv=11670520045579946&slink=s4maga,2023-04-24,DEALER
11676328627533523,Volvo,V60,BGN,40000,102271,2019,false,true,//www.mobile.bg/pcgi/mobile.cgi?act=4&adv=11676328627533523&slink=s4maga,2023-04-24,DEALER
11680277064393157,Volvo,V60,BGN,0,316000,2011,false,true,//www.mobile.bg/pcgi/mobile.cgi?act=4&adv=11680277064393157&slink=s4maga,2023-04-24,DEALER
11673526328646979,Volvo,V70,BGN,5990,304000,2004,false,true,//www.mobile.bg/pcgi/mobile.cgi?act=4&adv=11673526328646979&slink=s4maga,2023-04-24,DEALER
21678453640296817,Volvo,XC40,BGN,34000,28900,2018,false,true,//www.mobile.bg/pcgi/mobile.cgi?act=4&adv=21678453640296817&slink=s4maga,2023-04-24,DEALER
21680892835346396,Volvo,XC60,BGN,27900,209000,2012,false,true,//www.mobile.bg/pcgi/mobile.cgi?act=4&adv=21680892835346396&slink=s4maga,2023-04-24,DEALER
21671692600338889,Volvo,Xc90,BGN,16590,205394,2008,false,true,//www.mobile.bg/pcgi/mobile.cgi?act=4&adv=21671692600338889&slink=s4maga,2023-04-24,DEALER
11666765920574832,VW,Caddy,BGN,0,8000,2022,false,true,//www.mobile.bg/pcgi/mobile.cgi?act=4&adv=11666765920574832&slink=s4maga,2023-04-24,DEALER
11501839261132344,VW,Golf,BGN,4000,179268,1996,false,true,//www.mobile.bg/pcgi/mobile.cgi?act=4&adv=11501839261132344&slink=s4maga,2023-04-24,DEALER
11681324172912459,VW,Golf,BGN,8390,215000,2006,false,true,//www.mobile.bg/pcgi/mobile.cgi?act=4&adv=11681324172912459&slink=s4maga,2023-04-24,DEALER
11681324172912459,VW,Golf,BGN,8390,215000,2006,false,true,//www.mobile.bg/pcgi/mobile.cgi?act=4&adv=11681324172912459&slink=s4maga,2023-04-24,DEALER
11670495840525559,VW,Golf,BGN,8900,190000,2006,false,true,//www.mobile.bg/pcgi/mobile.cgi?act=4&adv=11670495840525559&slink=s4maga,2023-04-24,DEALER
11682083204673275,VW,Golf,BGN,13700,172000,2010,false,true,//www.mobile.bg/pcgi/mobile.cgi?act=4&adv=11682083204673275&slink=s4maga,2023-04-24,DEALER
11656149579513590,VW,Golf,BGN,11500,190000,2010,false,true,//www.mobile.bg/pcgi/mobile.cgi?act=4&adv=11656149579513590&slink=s4maga,2023-04-24,DEALER
11668932742861651,VW,Golf,BGN,23999,104000,2016,false,true,//www.mobile.bg/pcgi/mobile.cgi?act=4&adv=11668932742861651&slink=s4maga,2023-04-24,DEALER
11675436755579634,VW,Golf,BGN,27900,95202,2017,false,true,//www.mobile.bg/pcgi/mobile.cgi?act=4&adv=11675436755579634&slink=s4maga,2023-04-24,DEALER
11670244995245575,VW,Golf,BGN,29990,132859,2018,false,true,//www.mobile.bg/pcgi/mobile.cgi?act=4&adv=11670244995245575&slink=s4maga,2023-04-24,DEALER
11664893223576833,VW,Golf,BGN,29990,123872,2018,false,true,//www.mobile.bg/pcgi/mobile.cgi?act=4&adv=11664893223576833&slink=s4maga,2023-04-24,DEALER
11659540669335000,VW,Golf,BGN,32900,133039,2018,false,true,//www.mobile.bg/pcgi/mobile.cgi?act=4&adv=11659540669335000&slink=s4maga,2023-04-24,DEALER
11680530948481723,VW,Golf,BGN,47990,73832,2020,false,true,//www.mobile.bg/pcgi/mobile.cgi?act=4&adv=11680530948481723&slink=s4maga,2023-04-24,DEALER
11681743480022016,VW,Golf,BGN,58000,51000,2021,false,true,//www.mobile.bg/pcgi/mobile.cgi?act=4&adv=11681743480022016&slink=s4maga,2023-04-24,DEALER
11680329921716338,VW,Golf,BGN,0,216000,2003,false,true,//www.mobile.bg/pcgi/mobile.cgi?act=4&adv=11680329921716338&slink=s4maga,2023-04-24,DEALER
11680268754854426,VW,Jetta,BGN,16456,45605,2014,false,true,//www.mobile.bg/pcgi/mobile.cgi?act=4&adv=11680268754854426&slink=s4maga,2023-04-24,DEALER
11671897852915167,VW,Passat,BGN,8990,187659,2007,false,true,//www.mobile.bg/pcgi/mobile.cgi?act=4&adv=11671897852915167&slink=s4maga,2023-04-24,DEALER
11679677854178637,VW,Passat,BGN,16900,163000,2009,false,true,//www.mobile.bg/pcgi/mobile.cgi?act=4&adv=11679677854178637&slink=s4maga,2023-04-24,DEALER
11676997294621926,VW,Passat,BGN,18990,255000,2012,false,true,//www.mobile.bg/pcgi/mobile.cgi?act=4&adv=11676997294621926&slink=s4maga,2023-04-24,DEALER
11678981370748506,VW,Passat,BGN,39900,90956,2018,false,true,//www.mobile.bg/pcgi/mobile.cgi?act=4&adv=11678981370748506&slink=s4maga,2023-04-24,DEALER
11671468374264151,VW,Passat,BGN,0,157391,2010,false,true,//www.mobile.bg/pcgi/mobile.cgi?act=4&adv=11671468374264151&slink=s4maga,2023-04-24,DEALER
21678396892841639,VW,Tiguan,BGN,21999,190000,2012,false,true,//www.mobile.bg/pcgi/mobile.cgi?act=4&adv=21678396892841639&slink=s4maga,2023-04-24,DEALER
21678952203442327,VW,Tiguan,BGN,23400,148711,2012,false,true,//www.mobile.bg/pcgi/mobile.cgi?act=4&adv=21678952203442327&slink=s4maga,2023-04-24,DEALER
21671268113692343,VW,Tiguan,BGN,36600,179000,2016,false,true,//www.mobile.bg/pcgi/mobile.cgi?act=4&adv=21671268113692343&slink=s4maga,2023-04-24,DEALER
21671268113692343,VW,Tiguan,BGN,36600,179000,2016,false,true,//www.mobile.bg/pcgi/mobile.cgi?act=4&adv=21671268113692343&slink=s4maga,2023-04-24,DEALER
21676990218751462,VW,Tiguan,BGN,37600,171000,2016,false,true,//www.mobile.bg/pcgi/mobile.cgi?act=4&adv=21676990218751462&slink=s4maga,2023-04-24,DEALER
21653287541100038,VW,Tiguan,BGN,51000,42400,2019,false,true,//www.mobile.bg/pcgi/mobile.cgi?act=4&adv=21653287541100038&slink=s4maga,2023-04-24,DEALER
21668723816381075,VW,Touareg,BGN,0,157000,2011,false,true,//www.mobile.bg/pcgi/mobile.cgi?act=4&adv=21668723816381075&slink=s4maga,2023-04-24,DEALER
11682108822408714,VW,Touran,BGN,9400,188500,2007,false,true,//www.mobile.bg/pcgi/mobile.cgi?act=4&adv=11682108822408714&slink=s4maga,2023-04-24,DEALER